image_id,label,image_path,parent_id,pixel_bounds
patch-231-2442-264-2475-#map_189244470.png#.png,no_boundary,./patches_50_meters/patch-231-2442-264-2475-#map_189244470.png#.png,map_189244470.png,"(231, 2442, 264, 2475)"
patch-858-627-891-660-#map_189244470.png#.png,boundary,./patches_50_meters/patch-858-627-891-660-#map_189244470.png#.png,map_189244470.png,"(858, 627, 891, 660)"
patch-858-2970-891-3003-#map_189244470.png#.png,no_boundary,./patches_50_meters/patch-858-2970-891-3003-#map_189244470.png#.png,map_189244470.png,"(858, 2970, 891, 3003)"
patch-1023-2244-1056-2277-#map_189244470.png#.png,no_boundary,./patches_50_meters/patch-1023-2244-1056-2277-#map_189244470.png#.png,map_189244470.png,"(1023, 2244, 1056, 2277)"
patch-1056-2310-1089-2343-#map_189244470.png#.png,boundary,./patches_50_meters/patch-1056-2310-1089-2343-#map_189244470.png#.png,map_189244470.png,"(1056, 2310, 1089, 2343)"
patch-1155-3102-1188-3135-#map_189244470.png#.png,no_boundary,./patches_50_meters/patch-1155-3102-1188-3135-#map_189244470.png#.png,map_189244470.png,"(1155, 3102, 1188, 3135)"
patch-1188-3003-1221-3036-#map_189244470.png#.png,boundary,./patches_50_meters/patch-1188-3003-1221-3036-#map_189244470.png#.png,map_189244470.png,"(1188, 3003, 1221, 3036)"
patch-1782-924-1815-957-#map_189244470.png#.png,no_boundary,./patches_50_meters/patch-1782-924-1815-957-#map_189244470.png#.png,map_189244470.png,"(1782, 924, 1815, 957)"
patch-2013-1452-2046-1485-#map_189244470.png#.png,boundary,./patches_50_meters/patch-2013-1452-2046-1485-#map_189244470.png#.png,map_189244470.png,"(2013, 1452, 2046, 1485)"
patch-2046-132-2079-165-#map_189244470.png#.png,no_boundary,./patches_50_meters/patch-2046-132-2079-165-#map_189244470.png#.png,map_189244470.png,"(2046, 132, 2079, 165)"
patch-2376-2640-2409-2673-#map_189244470.png#.png,no_boundary,./patches_50_meters/patch-2376-2640-2409-2673-#map_189244470.png#.png,map_189244470.png,"(2376, 2640, 2409, 2673)"
patch-3399-2805-3432-2838-#map_189244470.png#.png,no_boundary,./patches_50_meters/patch-3399-2805-3432-2838-#map_189244470.png#.png,map_189244470.png,"(3399, 2805, 3432, 2838)"
patch-396-1848-429-1881-#map_189244491.png#.png,no_boundary,./patches_50_meters/patch-396-1848-429-1881-#map_189244491.png#.png,map_189244491.png,"(396, 1848, 429, 1881)"
patch-693-3300-726-3333-#map_189244491.png#.png,no_boundary,./patches_50_meters/patch-693-3300-726-3333-#map_189244491.png#.png,map_189244491.png,"(693, 3300, 726, 3333)"
patch-858-2640-891-2673-#map_189244491.png#.png,no_boundary,./patches_50_meters/patch-858-2640-891-2673-#map_189244491.png#.png,map_189244491.png,"(858, 2640, 891, 2673)"
patch-2277-2046-2310-2079-#map_189244491.png#.png,boundary,./patches_50_meters/patch-2277-2046-2310-2079-#map_189244491.png#.png,map_189244491.png,"(2277, 2046, 2310, 2079)"
patch-2607-1353-2640-1386-#map_189244491.png#.png,no_boundary,./patches_50_meters/patch-2607-1353-2640-1386-#map_189244491.png#.png,map_189244491.png,"(2607, 1353, 2640, 1386)"
patch-2673-1914-2706-1947-#map_189244491.png#.png,boundary,./patches_50_meters/patch-2673-1914-2706-1947-#map_189244491.png#.png,map_189244491.png,"(2673, 1914, 2706, 1947)"
patch-3003-3069-3036-3102-#map_189244491.png#.png,no_boundary,./patches_50_meters/patch-3003-3069-3036-3102-#map_189244491.png#.png,map_189244491.png,"(3003, 3069, 3036, 3102)"
patch-3102-1188-3135-1221-#map_189244491.png#.png,boundary,./patches_50_meters/patch-3102-1188-3135-1221-#map_189244491.png#.png,map_189244491.png,"(3102, 1188, 3135, 1221)"
patch-3135-1254-3168-1287-#map_189244491.png#.png,no_boundary,./patches_50_meters/patch-3135-1254-3168-1287-#map_189244491.png#.png,map_189244491.png,"(3135, 1254, 3168, 1287)"
patch-3234-2706-3267-2739-#map_189244491.png#.png,boundary,./patches_50_meters/patch-3234-2706-3267-2739-#map_189244491.png#.png,map_189244491.png,"(3234, 2706, 3267, 2739)"
patch-99-1353-132-1386-#map_189244530.png#.png,no_boundary,./patches_50_meters/patch-99-1353-132-1386-#map_189244530.png#.png,map_189244530.png,"(99, 1353, 132, 1386)"
patch-132-2277-165-2310-#map_189244530.png#.png,boundary,./patches_50_meters/patch-132-2277-165-2310-#map_189244530.png#.png,map_189244530.png,"(132, 2277, 165, 2310)"
patch-165-1980-198-2013-#map_189244530.png#.png,no_boundary,./patches_50_meters/patch-165-1980-198-2013-#map_189244530.png#.png,map_189244530.png,"(165, 1980, 198, 2013)"
patch-297-3366-330-3399-#map_189244530.png#.png,boundary,./patches_50_meters/patch-297-3366-330-3399-#map_189244530.png#.png,map_189244530.png,"(297, 3366, 330, 3399)"
patch-990-1650-1023-1683-#map_189244530.png#.png,no_boundary,./patches_50_meters/patch-990-1650-1023-1683-#map_189244530.png#.png,map_189244530.png,"(990, 1650, 1023, 1683)"
patch-2244-2343-2277-2376-#map_189244530.png#.png,no_boundary,./patches_50_meters/patch-2244-2343-2277-2376-#map_189244530.png#.png,map_189244530.png,"(2244, 2343, 2277, 2376)"
patch-3036-3069-3069-3102-#map_189244530.png#.png,no_boundary,./patches_50_meters/patch-3036-3069-3069-3102-#map_189244530.png#.png,map_189244530.png,"(3036, 3069, 3069, 3102)"
patch-132-264-165-297-#map_189244782.png#.png,no_boundary,./patches_50_meters/patch-132-264-165-297-#map_189244782.png#.png,map_189244782.png,"(132, 264, 165, 297)"
patch-132-1056-165-1089-#map_189244782.png#.png,no_boundary,./patches_50_meters/patch-132-1056-165-1089-#map_189244782.png#.png,map_189244782.png,"(132, 1056, 165, 1089)"
patch-1221-2739-1254-2772-#map_189244782.png#.png,no_boundary,./patches_50_meters/patch-1221-2739-1254-2772-#map_189244782.png#.png,map_189244782.png,"(1221, 2739, 1254, 2772)"
patch-1650-2739-1683-2772-#map_189244782.png#.png,no_boundary,./patches_50_meters/patch-1650-2739-1683-2772-#map_189244782.png#.png,map_189244782.png,"(1650, 2739, 1683, 2772)"
patch-1914-759-1947-792-#map_189244782.png#.png,no_boundary,./patches_50_meters/patch-1914-759-1947-792-#map_189244782.png#.png,map_189244782.png,"(1914, 759, 1947, 792)"
patch-2178-2409-2211-2442-#map_189244782.png#.png,no_boundary,./patches_50_meters/patch-2178-2409-2211-2442-#map_189244782.png#.png,map_189244782.png,"(2178, 2409, 2211, 2442)"
patch-528-2904-561-2937-#map_189244791.png#.png,no_boundary,./patches_50_meters/patch-528-2904-561-2937-#map_189244791.png#.png,map_189244791.png,"(528, 2904, 561, 2937)"
patch-825-990-858-1023-#map_189244791.png#.png,boundary,./patches_50_meters/patch-825-990-858-1023-#map_189244791.png#.png,map_189244791.png,"(825, 990, 858, 1023)"
patch-924-1353-957-1386-#map_189244791.png#.png,boundary,./patches_50_meters/patch-924-1353-957-1386-#map_189244791.png#.png,map_189244791.png,"(924, 1353, 957, 1386)"
patch-1023-3498-1056-3531-#map_189244791.png#.png,boundary,./patches_50_meters/patch-1023-3498-1056-3531-#map_189244791.png#.png,map_189244791.png,"(1023, 3498, 1056, 3531)"
patch-1287-2607-1320-2640-#map_189244791.png#.png,boundary,./patches_50_meters/patch-1287-2607-1320-2640-#map_189244791.png#.png,map_189244791.png,"(1287, 2607, 1320, 2640)"
patch-1518-2508-1551-2541-#map_189244791.png#.png,no_boundary,./patches_50_meters/patch-1518-2508-1551-2541-#map_189244791.png#.png,map_189244791.png,"(1518, 2508, 1551, 2541)"
patch-2079-1617-2112-1650-#map_189244791.png#.png,boundary,./patches_50_meters/patch-2079-1617-2112-1650-#map_189244791.png#.png,map_189244791.png,"(2079, 1617, 2112, 1650)"
patch-2904-594-2937-627-#map_189244791.png#.png,no_boundary,./patches_50_meters/patch-2904-594-2937-627-#map_189244791.png#.png,map_189244791.png,"(2904, 594, 2937, 627)"
patch-3267-2937-3300-2970-#map_189244791.png#.png,no_boundary,./patches_50_meters/patch-3267-2937-3300-2970-#map_189244791.png#.png,map_189244791.png,"(3267, 2937, 3300, 2970)"
patch-3333-1485-3366-1518-#map_189244791.png#.png,boundary,./patches_50_meters/patch-3333-1485-3366-1518-#map_189244791.png#.png,map_189244791.png,"(3333, 1485, 3366, 1518)"
patch-3366-1155-3399-1188-#map_189244791.png#.png,boundary,./patches_50_meters/patch-3366-1155-3399-1188-#map_189244791.png#.png,map_189244791.png,"(3366, 1155, 3399, 1188)"
patch-132-2541-165-2574-#map_189244809.png#.png,no_boundary,./patches_50_meters/patch-132-2541-165-2574-#map_189244809.png#.png,map_189244809.png,"(132, 2541, 165, 2574)"
patch-198-1617-231-1650-#map_189244809.png#.png,boundary,./patches_50_meters/patch-198-1617-231-1650-#map_189244809.png#.png,map_189244809.png,"(198, 1617, 231, 1650)"
patch-1353-2046-1386-2079-#map_189244809.png#.png,boundary,./patches_50_meters/patch-1353-2046-1386-2079-#map_189244809.png#.png,map_189244809.png,"(1353, 2046, 1386, 2079)"
patch-3069-1089-3102-1122-#map_189244809.png#.png,no_boundary,./patches_50_meters/patch-3069-1089-3102-1122-#map_189244809.png#.png,map_189244809.png,"(3069, 1089, 3102, 1122)"
patch-3531-1056-3564-1089-#map_189244809.png#.png,no_boundary,./patches_50_meters/patch-3531-1056-3564-1089-#map_189244809.png#.png,map_189244809.png,"(3531, 1056, 3564, 1089)"
patch-3630-2277-3663-2310-#map_189244809.png#.png,no_boundary,./patches_50_meters/patch-3630-2277-3663-2310-#map_189244809.png#.png,map_189244809.png,"(3630, 2277, 3663, 2310)"
patch-3696-2277-3729-2310-#map_189244809.png#.png,boundary,./patches_50_meters/patch-3696-2277-3729-2310-#map_189244809.png#.png,map_189244809.png,"(3696, 2277, 3729, 2310)"
patch-363-1518-396-1551-#map_189244818.png#.png,boundary,./patches_50_meters/patch-363-1518-396-1551-#map_189244818.png#.png,map_189244818.png,"(363, 1518, 396, 1551)"
patch-528-2838-561-2871-#map_189244818.png#.png,no_boundary,./patches_50_meters/patch-528-2838-561-2871-#map_189244818.png#.png,map_189244818.png,"(528, 2838, 561, 2871)"
patch-594-1023-627-1056-#map_189244818.png#.png,no_boundary,./patches_50_meters/patch-594-1023-627-1056-#map_189244818.png#.png,map_189244818.png,"(594, 1023, 627, 1056)"
patch-2013-2706-2046-2739-#map_189244818.png#.png,no_boundary,./patches_50_meters/patch-2013-2706-2046-2739-#map_189244818.png#.png,map_189244818.png,"(2013, 2706, 2046, 2739)"
patch-2244-3531-2277-3564-#map_189244818.png#.png,no_boundary,./patches_50_meters/patch-2244-3531-2277-3564-#map_189244818.png#.png,map_189244818.png,"(2244, 3531, 2277, 3564)"
patch-363-3069-396-3102-#map_189244827.png#.png,boundary,./patches_50_meters/patch-363-3069-396-3102-#map_189244827.png#.png,map_189244827.png,"(363, 3069, 396, 3102)"
patch-627-1683-660-1716-#map_189244827.png#.png,boundary,./patches_50_meters/patch-627-1683-660-1716-#map_189244827.png#.png,map_189244827.png,"(627, 1683, 660, 1716)"
patch-1485-2970-1518-3003-#map_189244827.png#.png,no_boundary,./patches_50_meters/patch-1485-2970-1518-3003-#map_189244827.png#.png,map_189244827.png,"(1485, 2970, 1518, 3003)"
patch-2508-1617-2541-1650-#map_189244827.png#.png,boundary,./patches_50_meters/patch-2508-1617-2541-1650-#map_189244827.png#.png,map_189244827.png,"(2508, 1617, 2541, 1650)"
patch-99-3069-132-3102-#map_189244836.png#.png,no_boundary,./patches_50_meters/patch-99-3069-132-3102-#map_189244836.png#.png,map_189244836.png,"(99, 3069, 132, 3102)"
patch-132-3234-165-3267-#map_189244836.png#.png,boundary,./patches_50_meters/patch-132-3234-165-3267-#map_189244836.png#.png,map_189244836.png,"(132, 3234, 165, 3267)"
patch-297-1584-330-1617-#map_189244836.png#.png,no_boundary,./patches_50_meters/patch-297-1584-330-1617-#map_189244836.png#.png,map_189244836.png,"(297, 1584, 330, 1617)"
patch-2013-297-2046-330-#map_189244836.png#.png,no_boundary,./patches_50_meters/patch-2013-297-2046-330-#map_189244836.png#.png,map_189244836.png,"(2013, 297, 2046, 330)"
patch-2013-396-2046-429-#map_189244836.png#.png,no_boundary,./patches_50_meters/patch-2013-396-2046-429-#map_189244836.png#.png,map_189244836.png,"(2013, 396, 2046, 429)"
patch-2145-1914-2178-1947-#map_189244836.png#.png,no_boundary,./patches_50_meters/patch-2145-1914-2178-1947-#map_189244836.png#.png,map_189244836.png,"(2145, 1914, 2178, 1947)"
patch-2475-1650-2508-1683-#map_189244836.png#.png,no_boundary,./patches_50_meters/patch-2475-1650-2508-1683-#map_189244836.png#.png,map_189244836.png,"(2475, 1650, 2508, 1683)"
patch-2805-3168-2838-3201-#map_189244836.png#.png,boundary,./patches_50_meters/patch-2805-3168-2838-3201-#map_189244836.png#.png,map_189244836.png,"(2805, 3168, 2838, 3201)"
patch-3168-1155-3201-1188-#map_189244836.png#.png,boundary,./patches_50_meters/patch-3168-1155-3201-1188-#map_189244836.png#.png,map_189244836.png,"(3168, 1155, 3201, 1188)"
patch-3366-2343-3399-2376-#map_189244836.png#.png,no_boundary,./patches_50_meters/patch-3366-2343-3399-2376-#map_189244836.png#.png,map_189244836.png,"(3366, 2343, 3399, 2376)"
patch-3498-2673-3531-2706-#map_189244836.png#.png,boundary,./patches_50_meters/patch-3498-2673-3531-2706-#map_189244836.png#.png,map_189244836.png,"(3498, 2673, 3531, 2706)"
patch-66-3234-99-3267-#map_189244845.png#.png,no_boundary,./patches_50_meters/patch-66-3234-99-3267-#map_189244845.png#.png,map_189244845.png,"(66, 3234, 99, 3267)"
patch-363-2805-396-2838-#map_189244845.png#.png,no_boundary,./patches_50_meters/patch-363-2805-396-2838-#map_189244845.png#.png,map_189244845.png,"(363, 2805, 396, 2838)"
patch-1188-2475-1221-2508-#map_189244845.png#.png,boundary,./patches_50_meters/patch-1188-2475-1221-2508-#map_189244845.png#.png,map_189244845.png,"(1188, 2475, 1221, 2508)"
patch-1287-594-1320-627-#map_189244845.png#.png,no_boundary,./patches_50_meters/patch-1287-594-1320-627-#map_189244845.png#.png,map_189244845.png,"(1287, 594, 1320, 627)"
patch-1287-3399-1320-3432-#map_189244845.png#.png,boundary,./patches_50_meters/patch-1287-3399-1320-3432-#map_189244845.png#.png,map_189244845.png,"(1287, 3399, 1320, 3432)"
patch-1650-3003-1683-3036-#map_189244845.png#.png,boundary,./patches_50_meters/patch-1650-3003-1683-3036-#map_189244845.png#.png,map_189244845.png,"(1650, 3003, 1683, 3036)"
patch-0-1122-33-1155-#map_189244866.png#.png,no_boundary,./patches_50_meters/patch-0-1122-33-1155-#map_189244866.png#.png,map_189244866.png,"(0, 1122, 33, 1155)"
patch-33-2871-66-2904-#map_189244866.png#.png,boundary,./patches_50_meters/patch-33-2871-66-2904-#map_189244866.png#.png,map_189244866.png,"(33, 2871, 66, 2904)"
patch-330-2013-363-2046-#map_189244866.png#.png,no_boundary,./patches_50_meters/patch-330-2013-363-2046-#map_189244866.png#.png,map_189244866.png,"(330, 2013, 363, 2046)"
patch-429-462-462-495-#map_189244866.png#.png,boundary,./patches_50_meters/patch-429-462-462-495-#map_189244866.png#.png,map_189244866.png,"(429, 462, 462, 495)"
patch-825-1254-858-1287-#map_189244866.png#.png,boundary,./patches_50_meters/patch-825-1254-858-1287-#map_189244866.png#.png,map_189244866.png,"(825, 1254, 858, 1287)"
patch-891-3564-924-3584-#map_189244866.png#.png,no_boundary,./patches_50_meters/patch-891-3564-924-3584-#map_189244866.png#.png,map_189244866.png,"(891, 3564, 924, 3584)"
patch-990-2937-1023-2970-#map_189244866.png#.png,no_boundary,./patches_50_meters/patch-990-2937-1023-2970-#map_189244866.png#.png,map_189244866.png,"(990, 2937, 1023, 2970)"
patch-1122-1518-1155-1551-#map_189244866.png#.png,no_boundary,./patches_50_meters/patch-1122-1518-1155-1551-#map_189244866.png#.png,map_189244866.png,"(1122, 1518, 1155, 1551)"
patch-1419-297-1452-330-#map_189244866.png#.png,no_boundary,./patches_50_meters/patch-1419-297-1452-330-#map_189244866.png#.png,map_189244866.png,"(1419, 297, 1452, 330)"
patch-1419-2244-1452-2277-#map_189244866.png#.png,boundary,./patches_50_meters/patch-1419-2244-1452-2277-#map_189244866.png#.png,map_189244866.png,"(1419, 2244, 1452, 2277)"
patch-1485-3564-1518-3584-#map_189244866.png#.png,no_boundary,./patches_50_meters/patch-1485-3564-1518-3584-#map_189244866.png#.png,map_189244866.png,"(1485, 3564, 1518, 3584)"
patch-2079-2574-2112-2607-#map_189244866.png#.png,boundary,./patches_50_meters/patch-2079-2574-2112-2607-#map_189244866.png#.png,map_189244866.png,"(2079, 2574, 2112, 2607)"
patch-2178-2673-2211-2706-#map_189244866.png#.png,no_boundary,./patches_50_meters/patch-2178-2673-2211-2706-#map_189244866.png#.png,map_189244866.png,"(2178, 2673, 2211, 2706)"
patch-0-2805-33-2838-#map_189244878.png#.png,no_boundary,./patches_50_meters/patch-0-2805-33-2838-#map_189244878.png#.png,map_189244878.png,"(0, 2805, 33, 2838)"
patch-231-1782-264-1815-#map_189244878.png#.png,boundary,./patches_50_meters/patch-231-1782-264-1815-#map_189244878.png#.png,map_189244878.png,"(231, 1782, 264, 1815)"
patch-627-1980-660-2013-#map_189244878.png#.png,boundary,./patches_50_meters/patch-627-1980-660-2013-#map_189244878.png#.png,map_189244878.png,"(627, 1980, 660, 2013)"
patch-990-2112-1023-2145-#map_189244878.png#.png,no_boundary,./patches_50_meters/patch-990-2112-1023-2145-#map_189244878.png#.png,map_189244878.png,"(990, 2112, 1023, 2145)"
patch-1089-759-1122-792-#map_189244878.png#.png,boundary,./patches_50_meters/patch-1089-759-1122-792-#map_189244878.png#.png,map_189244878.png,"(1089, 759, 1122, 792)"
patch-1485-1056-1518-1089-#map_189244878.png#.png,boundary,./patches_50_meters/patch-1485-1056-1518-1089-#map_189244878.png#.png,map_189244878.png,"(1485, 1056, 1518, 1089)"
patch-1518-231-1551-264-#map_189244878.png#.png,no_boundary,./patches_50_meters/patch-1518-231-1551-264-#map_189244878.png#.png,map_189244878.png,"(1518, 231, 1551, 264)"
patch-1716-1716-1749-1749-#map_189244878.png#.png,boundary,./patches_50_meters/patch-1716-1716-1749-1749-#map_189244878.png#.png,map_189244878.png,"(1716, 1716, 1749, 1749)"
patch-1947-2013-1980-2046-#map_189244878.png#.png,boundary,./patches_50_meters/patch-1947-2013-1980-2046-#map_189244878.png#.png,map_189244878.png,"(1947, 2013, 1980, 2046)"
patch-2343-2310-2376-2343-#map_189244878.png#.png,no_boundary,./patches_50_meters/patch-2343-2310-2376-2343-#map_189244878.png#.png,map_189244878.png,"(2343, 2310, 2376, 2343)"
patch-2376-1848-2409-1881-#map_189244878.png#.png,boundary,./patches_50_meters/patch-2376-1848-2409-1881-#map_189244878.png#.png,map_189244878.png,"(2376, 1848, 2409, 1881)"
patch-2574-1518-2607-1551-#map_189244878.png#.png,no_boundary,./patches_50_meters/patch-2574-1518-2607-1551-#map_189244878.png#.png,map_189244878.png,"(2574, 1518, 2607, 1551)"
patch-2772-3201-2805-3234-#map_189244878.png#.png,boundary,./patches_50_meters/patch-2772-3201-2805-3234-#map_189244878.png#.png,map_189244878.png,"(2772, 3201, 2805, 3234)"
patch-3366-264-3399-297-#map_189244878.png#.png,boundary,./patches_50_meters/patch-3366-264-3399-297-#map_189244878.png#.png,map_189244878.png,"(3366, 264, 3399, 297)"
patch-3564-33-3584-66-#map_189244878.png#.png,no_boundary,./patches_50_meters/patch-3564-33-3584-66-#map_189244878.png#.png,map_189244878.png,"(3564, 33, 3584, 66)"
patch-594-3333-627-3366-#map_189245124.png#.png,no_boundary,./patches_50_meters/patch-594-3333-627-3366-#map_189245124.png#.png,map_189245124.png,"(594, 3333, 627, 3366)"
patch-990-2013-1023-2046-#map_189245124.png#.png,no_boundary,./patches_50_meters/patch-990-2013-1023-2046-#map_189245124.png#.png,map_189245124.png,"(990, 2013, 1023, 2046)"
patch-1254-3498-1287-3531-#map_189245124.png#.png,no_boundary,./patches_50_meters/patch-1254-3498-1287-3531-#map_189245124.png#.png,map_189245124.png,"(1254, 3498, 1287, 3531)"
patch-2178-2409-2211-2442-#map_189245124.png#.png,boundary,./patches_50_meters/patch-2178-2409-2211-2442-#map_189245124.png#.png,map_189245124.png,"(2178, 2409, 2211, 2442)"
patch-2541-693-2574-726-#map_189245124.png#.png,no_boundary,./patches_50_meters/patch-2541-693-2574-726-#map_189245124.png#.png,map_189245124.png,"(2541, 693, 2574, 726)"
patch-2772-462-2805-495-#map_189245124.png#.png,no_boundary,./patches_50_meters/patch-2772-462-2805-495-#map_189245124.png#.png,map_189245124.png,"(2772, 462, 2805, 495)"
patch-2937-231-2970-264-#map_189245124.png#.png,boundary,./patches_50_meters/patch-2937-231-2970-264-#map_189245124.png#.png,map_189245124.png,"(2937, 231, 2970, 264)"
patch-3003-3069-3036-3102-#map_189245124.png#.png,no_boundary,./patches_50_meters/patch-3003-3069-3036-3102-#map_189245124.png#.png,map_189245124.png,"(3003, 3069, 3036, 3102)"
patch-3234-2904-3267-2937-#map_189245124.png#.png,boundary,./patches_50_meters/patch-3234-2904-3267-2937-#map_189245124.png#.png,map_189245124.png,"(3234, 2904, 3267, 2937)"
patch-528-1848-561-1881-#map_189245130.png#.png,boundary,./patches_50_meters/patch-528-1848-561-1881-#map_189245130.png#.png,map_189245130.png,"(528, 1848, 561, 1881)"
patch-528-2013-561-2046-#map_189245130.png#.png,no_boundary,./patches_50_meters/patch-528-2013-561-2046-#map_189245130.png#.png,map_189245130.png,"(528, 2013, 561, 2046)"
patch-1221-1584-1254-1617-#map_189245130.png#.png,boundary,./patches_50_meters/patch-1221-1584-1254-1617-#map_189245130.png#.png,map_189245130.png,"(1221, 1584, 1254, 1617)"
patch-1848-495-1881-528-#map_189245130.png#.png,no_boundary,./patches_50_meters/patch-1848-495-1881-528-#map_189245130.png#.png,map_189245130.png,"(1848, 495, 1881, 528)"
patch-2442-2013-2475-2046-#map_189245130.png#.png,boundary,./patches_50_meters/patch-2442-2013-2475-2046-#map_189245130.png#.png,map_189245130.png,"(2442, 2013, 2475, 2046)"
patch-2541-1782-2574-1815-#map_189245130.png#.png,no_boundary,./patches_50_meters/patch-2541-1782-2574-1815-#map_189245130.png#.png,map_189245130.png,"(2541, 1782, 2574, 1815)"
patch-2706-627-2739-660-#map_189245130.png#.png,no_boundary,./patches_50_meters/patch-2706-627-2739-660-#map_189245130.png#.png,map_189245130.png,"(2706, 627, 2739, 660)"
patch-3201-3333-3234-3366-#map_189245130.png#.png,no_boundary,./patches_50_meters/patch-3201-3333-3234-3366-#map_189245130.png#.png,map_189245130.png,"(3201, 3333, 3234, 3366)"
patch-3267-2508-3300-2541-#map_189245130.png#.png,boundary,./patches_50_meters/patch-3267-2508-3300-2541-#map_189245130.png#.png,map_189245130.png,"(3267, 2508, 3300, 2541)"
patch-3531-3564-3564-3597-#map_189245130.png#.png,boundary,./patches_50_meters/patch-3531-3564-3564-3597-#map_189245130.png#.png,map_189245130.png,"(3531, 3564, 3564, 3597)"
patch-363-561-396-594-#map_189245136.png#.png,boundary,./patches_50_meters/patch-363-561-396-594-#map_189245136.png#.png,map_189245136.png,"(363, 561, 396, 594)"
patch-1188-3432-1221-3465-#map_189245136.png#.png,no_boundary,./patches_50_meters/patch-1188-3432-1221-3465-#map_189245136.png#.png,map_189245136.png,"(1188, 3432, 1221, 3465)"
patch-2013-2244-2046-2277-#map_189245136.png#.png,boundary,./patches_50_meters/patch-2013-2244-2046-2277-#map_189245136.png#.png,map_189245136.png,"(2013, 2244, 2046, 2277)"
patch-2574-3300-2607-3333-#map_189245136.png#.png,boundary,./patches_50_meters/patch-2574-3300-2607-3333-#map_189245136.png#.png,map_189245136.png,"(2574, 3300, 2607, 3333)"
patch-2838-3234-2871-3267-#map_189245136.png#.png,no_boundary,./patches_50_meters/patch-2838-3234-2871-3267-#map_189245136.png#.png,map_189245136.png,"(2838, 3234, 2871, 3267)"
patch-3630-2211-3663-2244-#map_189245136.png#.png,boundary,./patches_50_meters/patch-3630-2211-3663-2244-#map_189245136.png#.png,map_189245136.png,"(3630, 2211, 3663, 2244)"
patch-3795-2739-3828-2772-#map_189245136.png#.png,boundary,./patches_50_meters/patch-3795-2739-3828-2772-#map_189245136.png#.png,map_189245136.png,"(3795, 2739, 3828, 2772)"
patch-0-198-33-231-#map_189245148.png#.png,no_boundary,./patches_50_meters/patch-0-198-33-231-#map_189245148.png#.png,map_189245148.png,"(0, 198, 33, 231)"
patch-495-1980-528-2013-#map_189245148.png#.png,no_boundary,./patches_50_meters/patch-495-1980-528-2013-#map_189245148.png#.png,map_189245148.png,"(495, 1980, 528, 2013)"
patch-561-3531-594-3564-#map_189245148.png#.png,boundary,./patches_50_meters/patch-561-3531-594-3564-#map_189245148.png#.png,map_189245148.png,"(561, 3531, 594, 3564)"
patch-1386-891-1419-924-#map_189245148.png#.png,boundary,./patches_50_meters/patch-1386-891-1419-924-#map_189245148.png#.png,map_189245148.png,"(1386, 891, 1419, 924)"
patch-1881-2838-1914-2871-#map_189245148.png#.png,boundary,./patches_50_meters/patch-1881-2838-1914-2871-#map_189245148.png#.png,map_189245148.png,"(1881, 2838, 1914, 2871)"
patch-1980-792-2013-825-#map_189245148.png#.png,no_boundary,./patches_50_meters/patch-1980-792-2013-825-#map_189245148.png#.png,map_189245148.png,"(1980, 792, 2013, 825)"
patch-2178-3234-2211-3267-#map_189245148.png#.png,boundary,./patches_50_meters/patch-2178-3234-2211-3267-#map_189245148.png#.png,map_189245148.png,"(2178, 3234, 2211, 3267)"
patch-2574-1716-2607-1749-#map_189245148.png#.png,no_boundary,./patches_50_meters/patch-2574-1716-2607-1749-#map_189245148.png#.png,map_189245148.png,"(2574, 1716, 2607, 1749)"
patch-2904-1122-2937-1155-#map_189245148.png#.png,no_boundary,./patches_50_meters/patch-2904-1122-2937-1155-#map_189245148.png#.png,map_189245148.png,"(2904, 1122, 2937, 1155)"
patch-2970-3102-3003-3135-#map_189245148.png#.png,no_boundary,./patches_50_meters/patch-2970-3102-3003-3135-#map_189245148.png#.png,map_189245148.png,"(2970, 3102, 3003, 3135)"
patch-3135-2376-3168-2409-#map_189245148.png#.png,no_boundary,./patches_50_meters/patch-3135-2376-3168-2409-#map_189245148.png#.png,map_189245148.png,"(3135, 2376, 3168, 2409)"
patch-3168-1221-3201-1254-#map_189245148.png#.png,boundary,./patches_50_meters/patch-3168-1221-3201-1254-#map_189245148.png#.png,map_189245148.png,"(3168, 1221, 3201, 1254)"
patch-3234-1947-3267-1980-#map_189245148.png#.png,no_boundary,./patches_50_meters/patch-3234-1947-3267-1980-#map_189245148.png#.png,map_189245148.png,"(3234, 1947, 3267, 1980)"
patch-3333-3366-3366-3399-#map_189245148.png#.png,boundary,./patches_50_meters/patch-3333-3366-3366-3399-#map_189245148.png#.png,map_189245148.png,"(3333, 3366, 3366, 3399)"
patch-429-1914-462-1947-#map_189245154.png#.png,boundary,./patches_50_meters/patch-429-1914-462-1947-#map_189245154.png#.png,map_189245154.png,"(429, 1914, 462, 1947)"
patch-528-330-561-363-#map_189245154.png#.png,no_boundary,./patches_50_meters/patch-528-330-561-363-#map_189245154.png#.png,map_189245154.png,"(528, 330, 561, 363)"
patch-858-2739-891-2772-#map_189245154.png#.png,no_boundary,./patches_50_meters/patch-858-2739-891-2772-#map_189245154.png#.png,map_189245154.png,"(858, 2739, 891, 2772)"
patch-1122-1056-1155-1089-#map_189245154.png#.png,no_boundary,./patches_50_meters/patch-1122-1056-1155-1089-#map_189245154.png#.png,map_189245154.png,"(1122, 1056, 1155, 1089)"
patch-1386-1749-1419-1782-#map_189245154.png#.png,boundary,./patches_50_meters/patch-1386-1749-1419-1782-#map_189245154.png#.png,map_189245154.png,"(1386, 1749, 1419, 1782)"
patch-1584-1221-1617-1254-#map_189245154.png#.png,no_boundary,./patches_50_meters/patch-1584-1221-1617-1254-#map_189245154.png#.png,map_189245154.png,"(1584, 1221, 1617, 1254)"
patch-1815-3069-1848-3102-#map_189245154.png#.png,no_boundary,./patches_50_meters/patch-1815-3069-1848-3102-#map_189245154.png#.png,map_189245154.png,"(1815, 3069, 1848, 3102)"
patch-2310-1056-2343-1089-#map_189245154.png#.png,boundary,./patches_50_meters/patch-2310-1056-2343-1089-#map_189245154.png#.png,map_189245154.png,"(2310, 1056, 2343, 1089)"
patch-2376-2574-2409-2607-#map_189245154.png#.png,no_boundary,./patches_50_meters/patch-2376-2574-2409-2607-#map_189245154.png#.png,map_189245154.png,"(2376, 2574, 2409, 2607)"
patch-3003-3168-3036-3201-#map_189245154.png#.png,boundary,./patches_50_meters/patch-3003-3168-3036-3201-#map_189245154.png#.png,map_189245154.png,"(3003, 3168, 3036, 3201)"
patch-3069-1914-3102-1947-#map_189245154.png#.png,no_boundary,./patches_50_meters/patch-3069-1914-3102-1947-#map_189245154.png#.png,map_189245154.png,"(3069, 1914, 3102, 1947)"
patch-165-3234-198-3267-#map_189245160.png#.png,no_boundary,./patches_50_meters/patch-165-3234-198-3267-#map_189245160.png#.png,map_189245160.png,"(165, 3234, 198, 3267)"
patch-627-1650-660-1683-#map_189245160.png#.png,boundary,./patches_50_meters/patch-627-1650-660-1683-#map_189245160.png#.png,map_189245160.png,"(627, 1650, 660, 1683)"
patch-858-1320-891-1353-#map_189245160.png#.png,boundary,./patches_50_meters/patch-858-1320-891-1353-#map_189245160.png#.png,map_189245160.png,"(858, 1320, 891, 1353)"
patch-1617-990-1650-1023-#map_189245160.png#.png,boundary,./patches_50_meters/patch-1617-990-1650-1023-#map_189245160.png#.png,map_189245160.png,"(1617, 990, 1650, 1023)"
patch-1683-1320-1716-1353-#map_189245160.png#.png,boundary,./patches_50_meters/patch-1683-1320-1716-1353-#map_189245160.png#.png,map_189245160.png,"(1683, 1320, 1716, 1353)"
patch-2739-2640-2772-2673-#map_189245160.png#.png,boundary,./patches_50_meters/patch-2739-2640-2772-2673-#map_189245160.png#.png,map_189245160.png,"(2739, 2640, 2772, 2673)"
patch-3498-1023-3531-1056-#map_189245160.png#.png,boundary,./patches_50_meters/patch-3498-1023-3531-1056-#map_189245160.png#.png,map_189245160.png,"(3498, 1023, 3531, 1056)"
patch-396-693-429-726-#map_189245166.png#.png,no_boundary,./patches_50_meters/patch-396-693-429-726-#map_189245166.png#.png,map_189245166.png,"(396, 693, 429, 726)"
patch-891-3333-924-3366-#map_189245166.png#.png,boundary,./patches_50_meters/patch-891-3333-924-3366-#map_189245166.png#.png,map_189245166.png,"(891, 3333, 924, 3366)"
patch-924-2541-957-2574-#map_189245166.png#.png,no_boundary,./patches_50_meters/patch-924-2541-957-2574-#map_189245166.png#.png,map_189245166.png,"(924, 2541, 957, 2574)"
patch-1782-1749-1815-1782-#map_189245166.png#.png,no_boundary,./patches_50_meters/patch-1782-1749-1815-1782-#map_189245166.png#.png,map_189245166.png,"(1782, 1749, 1815, 1782)"
patch-2145-3399-2178-3432-#map_189245166.png#.png,no_boundary,./patches_50_meters/patch-2145-3399-2178-3432-#map_189245166.png#.png,map_189245166.png,"(2145, 3399, 2178, 3432)"
patch-2178-2838-2211-2871-#map_189245166.png#.png,boundary,./patches_50_meters/patch-2178-2838-2211-2871-#map_189245166.png#.png,map_189245166.png,"(2178, 2838, 2211, 2871)"
patch-2838-2178-2871-2211-#map_189245166.png#.png,no_boundary,./patches_50_meters/patch-2838-2178-2871-2211-#map_189245166.png#.png,map_189245166.png,"(2838, 2178, 2871, 2211)"
patch-2937-1254-2970-1287-#map_189245166.png#.png,boundary,./patches_50_meters/patch-2937-1254-2970-1287-#map_189245166.png#.png,map_189245166.png,"(2937, 1254, 2970, 1287)"
patch-3300-924-3333-957-#map_189245166.png#.png,no_boundary,./patches_50_meters/patch-3300-924-3333-957-#map_189245166.png#.png,map_189245166.png,"(3300, 924, 3333, 957)"
patch-231-2112-264-2145-#map_189245172.png#.png,no_boundary,./patches_50_meters/patch-231-2112-264-2145-#map_189245172.png#.png,map_189245172.png,"(231, 2112, 264, 2145)"
patch-726-759-759-792-#map_189245172.png#.png,no_boundary,./patches_50_meters/patch-726-759-759-792-#map_189245172.png#.png,map_189245172.png,"(726, 759, 759, 792)"
patch-792-1815-825-1848-#map_189245172.png#.png,boundary,./patches_50_meters/patch-792-1815-825-1848-#map_189245172.png#.png,map_189245172.png,"(792, 1815, 825, 1848)"
patch-825-462-858-495-#map_189245172.png#.png,no_boundary,./patches_50_meters/patch-825-462-858-495-#map_189245172.png#.png,map_189245172.png,"(825, 462, 858, 495)"
patch-825-858-858-891-#map_189245172.png#.png,boundary,./patches_50_meters/patch-825-858-858-891-#map_189245172.png#.png,map_189245172.png,"(825, 858, 858, 891)"
patch-858-2673-891-2706-#map_189245172.png#.png,no_boundary,./patches_50_meters/patch-858-2673-891-2706-#map_189245172.png#.png,map_189245172.png,"(858, 2673, 891, 2706)"
patch-1089-825-1122-858-#map_189245172.png#.png,boundary,./patches_50_meters/patch-1089-825-1122-858-#map_189245172.png#.png,map_189245172.png,"(1089, 825, 1122, 858)"
patch-1386-1287-1419-1320-#map_189245172.png#.png,no_boundary,./patches_50_meters/patch-1386-1287-1419-1320-#map_189245172.png#.png,map_189245172.png,"(1386, 1287, 1419, 1320)"
patch-1386-1353-1419-1386-#map_189245172.png#.png,boundary,./patches_50_meters/patch-1386-1353-1419-1386-#map_189245172.png#.png,map_189245172.png,"(1386, 1353, 1419, 1386)"
patch-1584-132-1617-165-#map_189245172.png#.png,boundary,./patches_50_meters/patch-1584-132-1617-165-#map_189245172.png#.png,map_189245172.png,"(1584, 132, 1617, 165)"
patch-1881-2376-1914-2409-#map_189245172.png#.png,no_boundary,./patches_50_meters/patch-1881-2376-1914-2409-#map_189245172.png#.png,map_189245172.png,"(1881, 2376, 1914, 2409)"
patch-2013-3333-2046-3366-#map_189245172.png#.png,boundary,./patches_50_meters/patch-2013-3333-2046-3366-#map_189245172.png#.png,map_189245172.png,"(2013, 3333, 2046, 3366)"
patch-2145-2277-2178-2310-#map_189245172.png#.png,boundary,./patches_50_meters/patch-2145-2277-2178-2310-#map_189245172.png#.png,map_189245172.png,"(2145, 2277, 2178, 2310)"
patch-2211-1518-2244-1551-#map_189245172.png#.png,boundary,./patches_50_meters/patch-2211-1518-2244-1551-#map_189245172.png#.png,map_189245172.png,"(2211, 1518, 2244, 1551)"
patch-2277-1617-2310-1650-#map_189245172.png#.png,boundary,./patches_50_meters/patch-2277-1617-2310-1650-#map_189245172.png#.png,map_189245172.png,"(2277, 1617, 2310, 1650)"
patch-2508-1188-2541-1221-#map_189245172.png#.png,no_boundary,./patches_50_meters/patch-2508-1188-2541-1221-#map_189245172.png#.png,map_189245172.png,"(2508, 1188, 2541, 1221)"
patch-2706-3465-2739-3498-#map_189245172.png#.png,boundary,./patches_50_meters/patch-2706-3465-2739-3498-#map_189245172.png#.png,map_189245172.png,"(2706, 3465, 2739, 3498)"
patch-2805-660-2838-693-#map_189245172.png#.png,boundary,./patches_50_meters/patch-2805-660-2838-693-#map_189245172.png#.png,map_189245172.png,"(2805, 660, 2838, 693)"
patch-3333-330-3366-363-#map_189245172.png#.png,no_boundary,./patches_50_meters/patch-3333-330-3366-363-#map_189245172.png#.png,map_189245172.png,"(3333, 330, 3366, 363)"
patch-33-1914-66-1947-#map_189245184.png#.png,no_boundary,./patches_50_meters/patch-33-1914-66-1947-#map_189245184.png#.png,map_189245184.png,"(33, 1914, 66, 1947)"
patch-594-495-627-528-#map_189245184.png#.png,no_boundary,./patches_50_meters/patch-594-495-627-528-#map_189245184.png#.png,map_189245184.png,"(594, 495, 627, 528)"
patch-1617-495-1650-528-#map_189245184.png#.png,no_boundary,./patches_50_meters/patch-1617-495-1650-528-#map_189245184.png#.png,map_189245184.png,"(1617, 495, 1650, 528)"
patch-2244-561-2277-594-#map_189245184.png#.png,no_boundary,./patches_50_meters/patch-2244-561-2277-594-#map_189245184.png#.png,map_189245184.png,"(2244, 561, 2277, 594)"
patch-2574-2838-2607-2871-#map_189245184.png#.png,no_boundary,./patches_50_meters/patch-2574-2838-2607-2871-#map_189245184.png#.png,map_189245184.png,"(2574, 2838, 2607, 2871)"
patch-165-1056-198-1089-#map_189245196.png#.png,boundary,./patches_50_meters/patch-165-1056-198-1089-#map_189245196.png#.png,map_189245196.png,"(165, 1056, 198, 1089)"
patch-462-1617-495-1650-#map_189245196.png#.png,no_boundary,./patches_50_meters/patch-462-1617-495-1650-#map_189245196.png#.png,map_189245196.png,"(462, 1617, 495, 1650)"
patch-462-1881-495-1914-#map_189245196.png#.png,boundary,./patches_50_meters/patch-462-1881-495-1914-#map_189245196.png#.png,map_189245196.png,"(462, 1881, 495, 1914)"
patch-528-3201-561-3234-#map_189245196.png#.png,no_boundary,./patches_50_meters/patch-528-3201-561-3234-#map_189245196.png#.png,map_189245196.png,"(528, 3201, 561, 3234)"
patch-594-1749-627-1782-#map_189245196.png#.png,boundary,./patches_50_meters/patch-594-1749-627-1782-#map_189245196.png#.png,map_189245196.png,"(594, 1749, 627, 1782)"
patch-2409-3366-2442-3399-#map_189245196.png#.png,no_boundary,./patches_50_meters/patch-2409-3366-2442-3399-#map_189245196.png#.png,map_189245196.png,"(2409, 3366, 2442, 3399)"
patch-2640-2541-2673-2574-#map_189245196.png#.png,no_boundary,./patches_50_meters/patch-2640-2541-2673-2574-#map_189245196.png#.png,map_189245196.png,"(2640, 2541, 2673, 2574)"
patch-2673-1650-2706-1683-#map_189245196.png#.png,no_boundary,./patches_50_meters/patch-2673-1650-2706-1683-#map_189245196.png#.png,map_189245196.png,"(2673, 1650, 2706, 1683)"
patch-2871-0-2904-33-#map_189245196.png#.png,boundary,./patches_50_meters/patch-2871-0-2904-33-#map_189245196.png#.png,map_189245196.png,"(2871, 0, 2904, 33)"
patch-2904-198-2937-231-#map_189245196.png#.png,no_boundary,./patches_50_meters/patch-2904-198-2937-231-#map_189245196.png#.png,map_189245196.png,"(2904, 198, 2937, 231)"
patch-297-2343-330-2376-#map_189245202.png#.png,boundary,./patches_50_meters/patch-297-2343-330-2376-#map_189245202.png#.png,map_189245202.png,"(297, 2343, 330, 2376)"
patch-660-3663-693-3696-#map_189245202.png#.png,no_boundary,./patches_50_meters/patch-660-3663-693-3696-#map_189245202.png#.png,map_189245202.png,"(660, 3663, 693, 3696)"
patch-891-2442-924-2475-#map_189245202.png#.png,no_boundary,./patches_50_meters/patch-891-2442-924-2475-#map_189245202.png#.png,map_189245202.png,"(891, 2442, 924, 2475)"
patch-1419-3696-1452-3729-#map_189245202.png#.png,no_boundary,./patches_50_meters/patch-1419-3696-1452-3729-#map_189245202.png#.png,map_189245202.png,"(1419, 3696, 1452, 3729)"
patch-1485-99-1518-132-#map_189245202.png#.png,no_boundary,./patches_50_meters/patch-1485-99-1518-132-#map_189245202.png#.png,map_189245202.png,"(1485, 99, 1518, 132)"
patch-1815-3234-1848-3267-#map_189245202.png#.png,boundary,./patches_50_meters/patch-1815-3234-1848-3267-#map_189245202.png#.png,map_189245202.png,"(1815, 3234, 1848, 3267)"
patch-1848-2739-1881-2772-#map_189245202.png#.png,boundary,./patches_50_meters/patch-1848-2739-1881-2772-#map_189245202.png#.png,map_189245202.png,"(1848, 2739, 1881, 2772)"
patch-2508-2013-2541-2046-#map_189245202.png#.png,boundary,./patches_50_meters/patch-2508-2013-2541-2046-#map_189245202.png#.png,map_189245202.png,"(2508, 2013, 2541, 2046)"
patch-2673-1155-2706-1188-#map_189245202.png#.png,boundary,./patches_50_meters/patch-2673-1155-2706-1188-#map_189245202.png#.png,map_189245202.png,"(2673, 1155, 2706, 1188)"
patch-2970-3795-3003-3828-#map_189245202.png#.png,no_boundary,./patches_50_meters/patch-2970-3795-3003-3828-#map_189245202.png#.png,map_189245202.png,"(2970, 3795, 3003, 3828)"
patch-1056-2805-1089-2838-#map_189245430.png#.png,boundary,./patches_50_meters/patch-1056-2805-1089-2838-#map_189245430.png#.png,map_189245430.png,"(1056, 2805, 1089, 2838)"
patch-1056-2970-1089-3003-#map_189245430.png#.png,no_boundary,./patches_50_meters/patch-1056-2970-1089-3003-#map_189245430.png#.png,map_189245430.png,"(1056, 2970, 1089, 3003)"
patch-1122-2112-1155-2145-#map_189245430.png#.png,boundary,./patches_50_meters/patch-1122-2112-1155-2145-#map_189245430.png#.png,map_189245430.png,"(1122, 2112, 1155, 2145)"
patch-1353-1155-1386-1188-#map_189245430.png#.png,no_boundary,./patches_50_meters/patch-1353-1155-1386-1188-#map_189245430.png#.png,map_189245430.png,"(1353, 1155, 1386, 1188)"
patch-1485-3498-1518-3531-#map_189245430.png#.png,no_boundary,./patches_50_meters/patch-1485-3498-1518-3531-#map_189245430.png#.png,map_189245430.png,"(1485, 3498, 1518, 3531)"
patch-1617-2013-1650-2046-#map_189245430.png#.png,boundary,./patches_50_meters/patch-1617-2013-1650-2046-#map_189245430.png#.png,map_189245430.png,"(1617, 2013, 1650, 2046)"
patch-1650-3432-1683-3465-#map_189245430.png#.png,no_boundary,./patches_50_meters/patch-1650-3432-1683-3465-#map_189245430.png#.png,map_189245430.png,"(1650, 3432, 1683, 3465)"
patch-1881-2211-1914-2244-#map_189245430.png#.png,no_boundary,./patches_50_meters/patch-1881-2211-1914-2244-#map_189245430.png#.png,map_189245430.png,"(1881, 2211, 1914, 2244)"
patch-2211-1452-2244-1485-#map_189245430.png#.png,no_boundary,./patches_50_meters/patch-2211-1452-2244-1485-#map_189245430.png#.png,map_189245430.png,"(2211, 1452, 2244, 1485)"
patch-2739-726-2772-759-#map_189245430.png#.png,boundary,./patches_50_meters/patch-2739-726-2772-759-#map_189245430.png#.png,map_189245430.png,"(2739, 726, 2772, 759)"
patch-3333-1518-3366-1551-#map_189245430.png#.png,no_boundary,./patches_50_meters/patch-3333-1518-3366-1551-#map_189245430.png#.png,map_189245430.png,"(3333, 1518, 3366, 1551)"
patch-594-693-627-726-#map_189245439.png#.png,no_boundary,./patches_50_meters/patch-594-693-627-726-#map_189245439.png#.png,map_189245439.png,"(594, 693, 627, 726)"
patch-891-1023-924-1056-#map_189245439.png#.png,boundary,./patches_50_meters/patch-891-1023-924-1056-#map_189245439.png#.png,map_189245439.png,"(891, 1023, 924, 1056)"
patch-1419-1320-1452-1353-#map_189245439.png#.png,boundary,./patches_50_meters/patch-1419-1320-1452-1353-#map_189245439.png#.png,map_189245439.png,"(1419, 1320, 1452, 1353)"
patch-1848-924-1881-957-#map_189245439.png#.png,no_boundary,./patches_50_meters/patch-1848-924-1881-957-#map_189245439.png#.png,map_189245439.png,"(1848, 924, 1881, 957)"
patch-3399-2541-3432-2574-#map_189245439.png#.png,no_boundary,./patches_50_meters/patch-3399-2541-3432-2574-#map_189245439.png#.png,map_189245439.png,"(3399, 2541, 3432, 2574)"
patch-3465-3069-3498-3102-#map_189245439.png#.png,no_boundary,./patches_50_meters/patch-3465-3069-3498-3102-#map_189245439.png#.png,map_189245439.png,"(3465, 3069, 3498, 3102)"
patch-165-231-198-264-#map_189245460.png#.png,no_boundary,./patches_50_meters/patch-165-231-198-264-#map_189245460.png#.png,map_189245460.png,"(165, 231, 198, 264)"
patch-231-2244-264-2277-#map_189245460.png#.png,boundary,./patches_50_meters/patch-231-2244-264-2277-#map_189245460.png#.png,map_189245460.png,"(231, 2244, 264, 2277)"
patch-957-3399-990-3432-#map_189245460.png#.png,no_boundary,./patches_50_meters/patch-957-3399-990-3432-#map_189245460.png#.png,map_189245460.png,"(957, 3399, 990, 3432)"
patch-2442-2310-2475-2343-#map_189245460.png#.png,no_boundary,./patches_50_meters/patch-2442-2310-2475-2343-#map_189245460.png#.png,map_189245460.png,"(2442, 2310, 2475, 2343)"
patch-2805-726-2838-759-#map_189245460.png#.png,boundary,./patches_50_meters/patch-2805-726-2838-759-#map_189245460.png#.png,map_189245460.png,"(2805, 726, 2838, 759)"
patch-3069-1584-3102-1617-#map_189245460.png#.png,no_boundary,./patches_50_meters/patch-3069-1584-3102-1617-#map_189245460.png#.png,map_189245460.png,"(3069, 1584, 3102, 1617)"
patch-99-2475-132-2508-#map_189245469.png#.png,no_boundary,./patches_50_meters/patch-99-2475-132-2508-#map_189245469.png#.png,map_189245469.png,"(99, 2475, 132, 2508)"
patch-660-2607-693-2640-#map_189245469.png#.png,no_boundary,./patches_50_meters/patch-660-2607-693-2640-#map_189245469.png#.png,map_189245469.png,"(660, 2607, 693, 2640)"
patch-825-2244-858-2277-#map_189245469.png#.png,boundary,./patches_50_meters/patch-825-2244-858-2277-#map_189245469.png#.png,map_189245469.png,"(825, 2244, 858, 2277)"
patch-1122-3267-1155-3300-#map_189245469.png#.png,boundary,./patches_50_meters/patch-1122-3267-1155-3300-#map_189245469.png#.png,map_189245469.png,"(1122, 3267, 1155, 3300)"
patch-1287-3432-1320-3465-#map_189245469.png#.png,boundary,./patches_50_meters/patch-1287-3432-1320-3465-#map_189245469.png#.png,map_189245469.png,"(1287, 3432, 1320, 3465)"
patch-1650-165-1683-198-#map_189245469.png#.png,no_boundary,./patches_50_meters/patch-1650-165-1683-198-#map_189245469.png#.png,map_189245469.png,"(1650, 165, 1683, 198)"
patch-2211-2145-2244-2178-#map_189245469.png#.png,boundary,./patches_50_meters/patch-2211-2145-2244-2178-#map_189245469.png#.png,map_189245469.png,"(2211, 2145, 2244, 2178)"
patch-3003-957-3036-990-#map_189245469.png#.png,boundary,./patches_50_meters/patch-3003-957-3036-990-#map_189245469.png#.png,map_189245469.png,"(3003, 957, 3036, 990)"
patch-3003-2442-3036-2475-#map_189245469.png#.png,boundary,./patches_50_meters/patch-3003-2442-3036-2475-#map_189245469.png#.png,map_189245469.png,"(3003, 2442, 3036, 2475)"
patch-3069-3168-3102-3201-#map_189245469.png#.png,boundary,./patches_50_meters/patch-3069-3168-3102-3201-#map_189245469.png#.png,map_189245469.png,"(3069, 3168, 3102, 3201)"
patch-3465-3465-3498-3498-#map_189245469.png#.png,no_boundary,./patches_50_meters/patch-3465-3465-3498-3498-#map_189245469.png#.png,map_189245469.png,"(3465, 3465, 3498, 3498)"
patch-3663-2871-3696-2904-#map_189245469.png#.png,no_boundary,./patches_50_meters/patch-3663-2871-3696-2904-#map_189245469.png#.png,map_189245469.png,"(3663, 2871, 3696, 2904)"
patch-264-1089-297-1122-#map_189245478.png#.png,no_boundary,./patches_50_meters/patch-264-1089-297-1122-#map_189245478.png#.png,map_189245478.png,"(264, 1089, 297, 1122)"
patch-561-2112-594-2145-#map_189245478.png#.png,boundary,./patches_50_meters/patch-561-2112-594-2145-#map_189245478.png#.png,map_189245478.png,"(561, 2112, 594, 2145)"
patch-594-1155-627-1188-#map_189245478.png#.png,boundary,./patches_50_meters/patch-594-1155-627-1188-#map_189245478.png#.png,map_189245478.png,"(594, 1155, 627, 1188)"
patch-759-1485-792-1518-#map_189245478.png#.png,boundary,./patches_50_meters/patch-759-1485-792-1518-#map_189245478.png#.png,map_189245478.png,"(759, 1485, 792, 1518)"
patch-759-1881-792-1914-#map_189245478.png#.png,boundary,./patches_50_meters/patch-759-1881-792-1914-#map_189245478.png#.png,map_189245478.png,"(759, 1881, 792, 1914)"
patch-792-528-825-561-#map_189245478.png#.png,no_boundary,./patches_50_meters/patch-792-528-825-561-#map_189245478.png#.png,map_189245478.png,"(792, 528, 825, 561)"
patch-1056-2508-1089-2541-#map_189245478.png#.png,no_boundary,./patches_50_meters/patch-1056-2508-1089-2541-#map_189245478.png#.png,map_189245478.png,"(1056, 2508, 1089, 2541)"
patch-1617-3366-1650-3399-#map_189245478.png#.png,boundary,./patches_50_meters/patch-1617-3366-1650-3399-#map_189245478.png#.png,map_189245478.png,"(1617, 3366, 1650, 3399)"
patch-1947-99-1980-132-#map_189245478.png#.png,no_boundary,./patches_50_meters/patch-1947-99-1980-132-#map_189245478.png#.png,map_189245478.png,"(1947, 99, 1980, 132)"
patch-2310-858-2343-891-#map_189245478.png#.png,boundary,./patches_50_meters/patch-2310-858-2343-891-#map_189245478.png#.png,map_189245478.png,"(2310, 858, 2343, 891)"
patch-2475-1023-2508-1056-#map_189245478.png#.png,boundary,./patches_50_meters/patch-2475-1023-2508-1056-#map_189245478.png#.png,map_189245478.png,"(2475, 1023, 2508, 1056)"
patch-2739-33-2772-66-#map_189245478.png#.png,boundary,./patches_50_meters/patch-2739-33-2772-66-#map_189245478.png#.png,map_189245478.png,"(2739, 33, 2772, 66)"
patch-3399-2079-3432-2112-#map_189245478.png#.png,no_boundary,./patches_50_meters/patch-3399-2079-3432-2112-#map_189245478.png#.png,map_189245478.png,"(3399, 2079, 3432, 2112)"
patch-33-891-66-924-#map_189245487.png#.png,no_boundary,./patches_50_meters/patch-33-891-66-924-#map_189245487.png#.png,map_189245487.png,"(33, 891, 66, 924)"
patch-1023-2772-1056-2805-#map_189245487.png#.png,no_boundary,./patches_50_meters/patch-1023-2772-1056-2805-#map_189245487.png#.png,map_189245487.png,"(1023, 2772, 1056, 2805)"
patch-2013-1650-2046-1683-#map_189245487.png#.png,boundary,./patches_50_meters/patch-2013-1650-2046-1683-#map_189245487.png#.png,map_189245487.png,"(2013, 1650, 2046, 1683)"
patch-2178-1419-2211-1452-#map_189245487.png#.png,boundary,./patches_50_meters/patch-2178-1419-2211-1452-#map_189245487.png#.png,map_189245487.png,"(2178, 1419, 2211, 1452)"
patch-2475-2145-2508-2178-#map_189245487.png#.png,no_boundary,./patches_50_meters/patch-2475-2145-2508-2178-#map_189245487.png#.png,map_189245487.png,"(2475, 2145, 2508, 2178)"
patch-2739-1353-2772-1386-#map_189245487.png#.png,no_boundary,./patches_50_meters/patch-2739-1353-2772-1386-#map_189245487.png#.png,map_189245487.png,"(2739, 1353, 2772, 1386)"
patch-2937-1716-2970-1749-#map_189245487.png#.png,no_boundary,./patches_50_meters/patch-2937-1716-2970-1749-#map_189245487.png#.png,map_189245487.png,"(2937, 1716, 2970, 1749)"
patch-198-3069-231-3102-#map_189245493.png#.png,boundary,./patches_50_meters/patch-198-3069-231-3102-#map_189245493.png#.png,map_189245493.png,"(198, 3069, 231, 3102)"
patch-1188-1452-1221-1485-#map_189245493.png#.png,no_boundary,./patches_50_meters/patch-1188-1452-1221-1485-#map_189245493.png#.png,map_189245493.png,"(1188, 1452, 1221, 1485)"
patch-1419-66-1452-99-#map_189245493.png#.png,boundary,./patches_50_meters/patch-1419-66-1452-99-#map_189245493.png#.png,map_189245493.png,"(1419, 66, 1452, 99)"
patch-1716-1287-1749-1320-#map_189245493.png#.png,boundary,./patches_50_meters/patch-1716-1287-1749-1320-#map_189245493.png#.png,map_189245493.png,"(1716, 1287, 1749, 1320)"
patch-1881-3069-1914-3102-#map_189245493.png#.png,no_boundary,./patches_50_meters/patch-1881-3069-1914-3102-#map_189245493.png#.png,map_189245493.png,"(1881, 3069, 1914, 3102)"
patch-1947-1452-1980-1485-#map_189245493.png#.png,no_boundary,./patches_50_meters/patch-1947-1452-1980-1485-#map_189245493.png#.png,map_189245493.png,"(1947, 1452, 1980, 1485)"
patch-2508-693-2541-726-#map_189245493.png#.png,boundary,./patches_50_meters/patch-2508-693-2541-726-#map_189245493.png#.png,map_189245493.png,"(2508, 693, 2541, 726)"
patch-2574-2442-2607-2475-#map_189245493.png#.png,no_boundary,./patches_50_meters/patch-2574-2442-2607-2475-#map_189245493.png#.png,map_189245493.png,"(2574, 2442, 2607, 2475)"
patch-2871-858-2904-891-#map_189245493.png#.png,boundary,./patches_50_meters/patch-2871-858-2904-891-#map_189245493.png#.png,map_189245493.png,"(2871, 858, 2904, 891)"
patch-2904-1518-2937-1551-#map_189245493.png#.png,boundary,./patches_50_meters/patch-2904-1518-2937-1551-#map_189245493.png#.png,map_189245493.png,"(2904, 1518, 2937, 1551)"
patch-2904-2409-2937-2442-#map_189245493.png#.png,no_boundary,./patches_50_meters/patch-2904-2409-2937-2442-#map_189245493.png#.png,map_189245493.png,"(2904, 2409, 2937, 2442)"
patch-3366-1056-3399-1089-#map_189245493.png#.png,no_boundary,./patches_50_meters/patch-3366-1056-3399-1089-#map_189245493.png#.png,map_189245493.png,"(3366, 1056, 3399, 1089)"
patch-3531-1518-3564-1551-#map_189245493.png#.png,boundary,./patches_50_meters/patch-3531-1518-3564-1551-#map_189245493.png#.png,map_189245493.png,"(3531, 1518, 3564, 1551)"
patch-0-2937-33-2970-#map_189245502.png#.png,no_boundary,./patches_50_meters/patch-0-2937-33-2970-#map_189245502.png#.png,map_189245502.png,"(0, 2937, 33, 2970)"
patch-759-1023-792-1056-#map_189245502.png#.png,boundary,./patches_50_meters/patch-759-1023-792-1056-#map_189245502.png#.png,map_189245502.png,"(759, 1023, 792, 1056)"
patch-825-2013-858-2046-#map_189245502.png#.png,no_boundary,./patches_50_meters/patch-825-2013-858-2046-#map_189245502.png#.png,map_189245502.png,"(825, 2013, 858, 2046)"
patch-1122-2409-1155-2442-#map_189245502.png#.png,boundary,./patches_50_meters/patch-1122-2409-1155-2442-#map_189245502.png#.png,map_189245502.png,"(1122, 2409, 1155, 2442)"
patch-1584-924-1617-957-#map_189245502.png#.png,no_boundary,./patches_50_meters/patch-1584-924-1617-957-#map_189245502.png#.png,map_189245502.png,"(1584, 924, 1617, 957)"
patch-2112-1188-2145-1221-#map_189245502.png#.png,no_boundary,./patches_50_meters/patch-2112-1188-2145-1221-#map_189245502.png#.png,map_189245502.png,"(2112, 1188, 2145, 1221)"
patch-2145-528-2178-561-#map_189245502.png#.png,boundary,./patches_50_meters/patch-2145-528-2178-561-#map_189245502.png#.png,map_189245502.png,"(2145, 528, 2178, 561)"
patch-2145-990-2178-1023-#map_189245502.png#.png,no_boundary,./patches_50_meters/patch-2145-990-2178-1023-#map_189245502.png#.png,map_189245502.png,"(2145, 990, 2178, 1023)"
patch-2343-1254-2376-1287-#map_189245502.png#.png,boundary,./patches_50_meters/patch-2343-1254-2376-1287-#map_189245502.png#.png,map_189245502.png,"(2343, 1254, 2376, 1287)"
patch-3036-3234-3069-3267-#map_189245502.png#.png,boundary,./patches_50_meters/patch-3036-3234-3069-3267-#map_189245502.png#.png,map_189245502.png,"(3036, 3234, 3069, 3267)"
patch-3366-957-3399-990-#map_189245502.png#.png,boundary,./patches_50_meters/patch-3366-957-3399-990-#map_189245502.png#.png,map_189245502.png,"(3366, 957, 3399, 990)"
patch-3399-2937-3432-2970-#map_189245502.png#.png,no_boundary,./patches_50_meters/patch-3399-2937-3432-2970-#map_189245502.png#.png,map_189245502.png,"(3399, 2937, 3432, 2970)"
patch-0-957-33-990-#map_189245514.png#.png,no_boundary,./patches_50_meters/patch-0-957-33-990-#map_189245514.png#.png,map_189245514.png,"(0, 957, 33, 990)"
patch-660-990-693-1023-#map_189245514.png#.png,no_boundary,./patches_50_meters/patch-660-990-693-1023-#map_189245514.png#.png,map_189245514.png,"(660, 990, 693, 1023)"
patch-759-2772-792-2805-#map_189245514.png#.png,no_boundary,./patches_50_meters/patch-759-2772-792-2805-#map_189245514.png#.png,map_189245514.png,"(759, 2772, 792, 2805)"
patch-858-3333-891-3366-#map_189245514.png#.png,no_boundary,./patches_50_meters/patch-858-3333-891-3366-#map_189245514.png#.png,map_189245514.png,"(858, 3333, 891, 3366)"
patch-1056-726-1089-759-#map_189245514.png#.png,no_boundary,./patches_50_meters/patch-1056-726-1089-759-#map_189245514.png#.png,map_189245514.png,"(1056, 726, 1089, 759)"
patch-1386-1122-1419-1155-#map_189245514.png#.png,boundary,./patches_50_meters/patch-1386-1122-1419-1155-#map_189245514.png#.png,map_189245514.png,"(1386, 1122, 1419, 1155)"
patch-1881-594-1914-627-#map_189245514.png#.png,boundary,./patches_50_meters/patch-1881-594-1914-627-#map_189245514.png#.png,map_189245514.png,"(1881, 594, 1914, 627)"
patch-2376-1980-2409-2013-#map_189245514.png#.png,boundary,./patches_50_meters/patch-2376-1980-2409-2013-#map_189245514.png#.png,map_189245514.png,"(2376, 1980, 2409, 2013)"
patch-132-198-165-231-#map_189245523.png#.png,boundary,./patches_50_meters/patch-132-198-165-231-#map_189245523.png#.png,map_189245523.png,"(132, 198, 165, 231)"
patch-363-1947-396-1980-#map_189245523.png#.png,boundary,./patches_50_meters/patch-363-1947-396-1980-#map_189245523.png#.png,map_189245523.png,"(363, 1947, 396, 1980)"
patch-660-1848-693-1881-#map_189245523.png#.png,boundary,./patches_50_meters/patch-660-1848-693-1881-#map_189245523.png#.png,map_189245523.png,"(660, 1848, 693, 1881)"
patch-726-2508-759-2541-#map_189245523.png#.png,boundary,./patches_50_meters/patch-726-2508-759-2541-#map_189245523.png#.png,map_189245523.png,"(726, 2508, 759, 2541)"
patch-1155-3234-1188-3267-#map_189245523.png#.png,boundary,./patches_50_meters/patch-1155-3234-1188-3267-#map_189245523.png#.png,map_189245523.png,"(1155, 3234, 1188, 3267)"
patch-1419-891-1452-924-#map_189245523.png#.png,boundary,./patches_50_meters/patch-1419-891-1452-924-#map_189245523.png#.png,map_189245523.png,"(1419, 891, 1452, 924)"
patch-1551-1815-1584-1848-#map_189245523.png#.png,boundary,./patches_50_meters/patch-1551-1815-1584-1848-#map_189245523.png#.png,map_189245523.png,"(1551, 1815, 1584, 1848)"
patch-1782-3564-1815-3584-#map_189245523.png#.png,no_boundary,./patches_50_meters/patch-1782-3564-1815-3584-#map_189245523.png#.png,map_189245523.png,"(1782, 3564, 1815, 3584)"
patch-2607-1254-2640-1287-#map_189245523.png#.png,boundary,./patches_50_meters/patch-2607-1254-2640-1287-#map_189245523.png#.png,map_189245523.png,"(2607, 1254, 2640, 1287)"
patch-2937-2640-2970-2673-#map_189245523.png#.png,boundary,./patches_50_meters/patch-2937-2640-2970-2673-#map_189245523.png#.png,map_189245523.png,"(2937, 2640, 2970, 2673)"
patch-3267-2937-3300-2970-#map_189245523.png#.png,no_boundary,./patches_50_meters/patch-3267-2937-3300-2970-#map_189245523.png#.png,map_189245523.png,"(3267, 2937, 3300, 2970)"
patch-3333-3531-3366-3564-#map_189245523.png#.png,boundary,./patches_50_meters/patch-3333-3531-3366-3564-#map_189245523.png#.png,map_189245523.png,"(3333, 3531, 3366, 3564)"
patch-198-330-231-363-#map_189245535.png#.png,no_boundary,./patches_50_meters/patch-198-330-231-363-#map_189245535.png#.png,map_189245535.png,"(198, 330, 231, 363)"
patch-198-1155-231-1188-#map_189245535.png#.png,boundary,./patches_50_meters/patch-198-1155-231-1188-#map_189245535.png#.png,map_189245535.png,"(198, 1155, 231, 1188)"
patch-231-2574-264-2607-#map_189245535.png#.png,no_boundary,./patches_50_meters/patch-231-2574-264-2607-#map_189245535.png#.png,map_189245535.png,"(231, 2574, 264, 2607)"
patch-462-2871-495-2904-#map_189245535.png#.png,no_boundary,./patches_50_meters/patch-462-2871-495-2904-#map_189245535.png#.png,map_189245535.png,"(462, 2871, 495, 2904)"
patch-594-2178-627-2211-#map_189245535.png#.png,boundary,./patches_50_meters/patch-594-2178-627-2211-#map_189245535.png#.png,map_189245535.png,"(594, 2178, 627, 2211)"
patch-660-2970-693-3003-#map_189245535.png#.png,no_boundary,./patches_50_meters/patch-660-2970-693-3003-#map_189245535.png#.png,map_189245535.png,"(660, 2970, 693, 3003)"
patch-1617-1254-1650-1287-#map_189245535.png#.png,no_boundary,./patches_50_meters/patch-1617-1254-1650-1287-#map_189245535.png#.png,map_189245535.png,"(1617, 1254, 1650, 1287)"
patch-1947-132-1980-165-#map_189245535.png#.png,no_boundary,./patches_50_meters/patch-1947-132-1980-165-#map_189245535.png#.png,map_189245535.png,"(1947, 132, 1980, 165)"
patch-2343-1980-2376-2013-#map_189245535.png#.png,no_boundary,./patches_50_meters/patch-2343-1980-2376-2013-#map_189245535.png#.png,map_189245535.png,"(2343, 1980, 2376, 2013)"
patch-2871-3102-2904-3135-#map_189245535.png#.png,no_boundary,./patches_50_meters/patch-2871-3102-2904-3135-#map_189245535.png#.png,map_189245535.png,"(2871, 3102, 2904, 3135)"
patch-3267-1023-3300-1056-#map_189245535.png#.png,boundary,./patches_50_meters/patch-3267-1023-3300-1056-#map_189245535.png#.png,map_189245535.png,"(3267, 1023, 3300, 1056)"
patch-3366-792-3399-825-#map_189245535.png#.png,boundary,./patches_50_meters/patch-3366-792-3399-825-#map_189245535.png#.png,map_189245535.png,"(3366, 792, 3399, 825)"
patch-561-594-594-627-#map_189245541.png#.png,boundary,./patches_50_meters/patch-561-594-594-627-#map_189245541.png#.png,map_189245541.png,"(561, 594, 594, 627)"
patch-1320-1419-1353-1452-#map_189245541.png#.png,boundary,./patches_50_meters/patch-1320-1419-1353-1452-#map_189245541.png#.png,map_189245541.png,"(1320, 1419, 1353, 1452)"
patch-1584-2838-1617-2871-#map_189245541.png#.png,boundary,./patches_50_meters/patch-1584-2838-1617-2871-#map_189245541.png#.png,map_189245541.png,"(1584, 2838, 1617, 2871)"
patch-2310-2772-2343-2805-#map_189245541.png#.png,no_boundary,./patches_50_meters/patch-2310-2772-2343-2805-#map_189245541.png#.png,map_189245541.png,"(2310, 2772, 2343, 2805)"
patch-2805-3267-2838-3300-#map_189245541.png#.png,no_boundary,./patches_50_meters/patch-2805-3267-2838-3300-#map_189245541.png#.png,map_189245541.png,"(2805, 3267, 2838, 3300)"
patch-2904-1749-2937-1782-#map_189245541.png#.png,boundary,./patches_50_meters/patch-2904-1749-2937-1782-#map_189245541.png#.png,map_189245541.png,"(2904, 1749, 2937, 1782)"
patch-3102-231-3135-264-#map_189245541.png#.png,boundary,./patches_50_meters/patch-3102-231-3135-264-#map_189245541.png#.png,map_189245541.png,"(3102, 231, 3135, 264)"
patch-3564-1947-3584-1980-#map_189245541.png#.png,no_boundary,./patches_50_meters/patch-3564-1947-3584-1980-#map_189245541.png#.png,map_189245541.png,"(3564, 1947, 3584, 1980)"
patch-594-363-627-396-#map_189245547.png#.png,boundary,./patches_50_meters/patch-594-363-627-396-#map_189245547.png#.png,map_189245547.png,"(594, 363, 627, 396)"
patch-1320-2178-1353-2211-#map_189245547.png#.png,no_boundary,./patches_50_meters/patch-1320-2178-1353-2211-#map_189245547.png#.png,map_189245547.png,"(1320, 2178, 1353, 2211)"
patch-1947-33-1980-66-#map_189245547.png#.png,boundary,./patches_50_meters/patch-1947-33-1980-66-#map_189245547.png#.png,map_189245547.png,"(1947, 33, 1980, 66)"
patch-2739-1881-2772-1914-#map_189245547.png#.png,boundary,./patches_50_meters/patch-2739-1881-2772-1914-#map_189245547.png#.png,map_189245547.png,"(2739, 1881, 2772, 1914)"
patch-2970-3201-3003-3234-#map_189245547.png#.png,boundary,./patches_50_meters/patch-2970-3201-3003-3234-#map_189245547.png#.png,map_189245547.png,"(2970, 3201, 3003, 3234)"
patch-165-2574-198-2607-#map_189245553.png#.png,boundary,./patches_50_meters/patch-165-2574-198-2607-#map_189245553.png#.png,map_189245553.png,"(165, 2574, 198, 2607)"
patch-330-3102-363-3135-#map_189245553.png#.png,no_boundary,./patches_50_meters/patch-330-3102-363-3135-#map_189245553.png#.png,map_189245553.png,"(330, 3102, 363, 3135)"
patch-363-1353-396-1386-#map_189245553.png#.png,no_boundary,./patches_50_meters/patch-363-1353-396-1386-#map_189245553.png#.png,map_189245553.png,"(363, 1353, 396, 1386)"
patch-693-363-726-396-#map_189245553.png#.png,no_boundary,./patches_50_meters/patch-693-363-726-396-#map_189245553.png#.png,map_189245553.png,"(693, 363, 726, 396)"
patch-1089-1188-1122-1221-#map_189245553.png#.png,boundary,./patches_50_meters/patch-1089-1188-1122-1221-#map_189245553.png#.png,map_189245553.png,"(1089, 1188, 1122, 1221)"
patch-1353-1056-1386-1089-#map_189245553.png#.png,no_boundary,./patches_50_meters/patch-1353-1056-1386-1089-#map_189245553.png#.png,map_189245553.png,"(1353, 1056, 1386, 1089)"
patch-1650-1089-1683-1122-#map_189245553.png#.png,boundary,./patches_50_meters/patch-1650-1089-1683-1122-#map_189245553.png#.png,map_189245553.png,"(1650, 1089, 1683, 1122)"
patch-2244-1650-2277-1683-#map_189245553.png#.png,no_boundary,./patches_50_meters/patch-2244-1650-2277-1683-#map_189245553.png#.png,map_189245553.png,"(2244, 1650, 2277, 1683)"
patch-2508-132-2541-165-#map_189245553.png#.png,no_boundary,./patches_50_meters/patch-2508-132-2541-165-#map_189245553.png#.png,map_189245553.png,"(2508, 132, 2541, 165)"
patch-2904-396-2937-429-#map_189245553.png#.png,no_boundary,./patches_50_meters/patch-2904-396-2937-429-#map_189245553.png#.png,map_189245553.png,"(2904, 396, 2937, 429)"
patch-3366-3399-3399-3432-#map_189245553.png#.png,no_boundary,./patches_50_meters/patch-3366-3399-3399-3432-#map_189245553.png#.png,map_189245553.png,"(3366, 3399, 3399, 3432)"
patch-3399-693-3432-726-#map_189245553.png#.png,no_boundary,./patches_50_meters/patch-3399-693-3432-726-#map_189245553.png#.png,map_189245553.png,"(3399, 693, 3432, 726)"
patch-66-1947-99-1980-#map_189245583.png#.png,no_boundary,./patches_50_meters/patch-66-1947-99-1980-#map_189245583.png#.png,map_189245583.png,"(66, 1947, 99, 1980)"
patch-165-198-198-231-#map_189245583.png#.png,boundary,./patches_50_meters/patch-165-198-198-231-#map_189245583.png#.png,map_189245583.png,"(165, 198, 198, 231)"
patch-264-66-297-99-#map_189245583.png#.png,boundary,./patches_50_meters/patch-264-66-297-99-#map_189245583.png#.png,map_189245583.png,"(264, 66, 297, 99)"
patch-1584-3267-1617-3300-#map_189245583.png#.png,boundary,./patches_50_meters/patch-1584-3267-1617-3300-#map_189245583.png#.png,map_189245583.png,"(1584, 3267, 1617, 3300)"
patch-2376-2574-2409-2607-#map_189245583.png#.png,no_boundary,./patches_50_meters/patch-2376-2574-2409-2607-#map_189245583.png#.png,map_189245583.png,"(2376, 2574, 2409, 2607)"
patch-2409-2178-2442-2211-#map_189245583.png#.png,boundary,./patches_50_meters/patch-2409-2178-2442-2211-#map_189245583.png#.png,map_189245583.png,"(2409, 2178, 2442, 2211)"
patch-2541-2772-2574-2805-#map_189245583.png#.png,no_boundary,./patches_50_meters/patch-2541-2772-2574-2805-#map_189245583.png#.png,map_189245583.png,"(2541, 2772, 2574, 2805)"
patch-0-1749-33-1782-#map_189245790.png#.png,boundary,./patches_50_meters/patch-0-1749-33-1782-#map_189245790.png#.png,map_189245790.png,"(0, 1749, 33, 1782)"
patch-33-396-66-429-#map_189245790.png#.png,no_boundary,./patches_50_meters/patch-33-396-66-429-#map_189245790.png#.png,map_189245790.png,"(33, 396, 66, 429)"
patch-1287-1716-1320-1749-#map_189245790.png#.png,no_boundary,./patches_50_meters/patch-1287-1716-1320-1749-#map_189245790.png#.png,map_189245790.png,"(1287, 1716, 1320, 1749)"
patch-1584-1947-1617-1980-#map_189245790.png#.png,boundary,./patches_50_meters/patch-1584-1947-1617-1980-#map_189245790.png#.png,map_189245790.png,"(1584, 1947, 1617, 1980)"
patch-1881-1980-1914-2013-#map_189245790.png#.png,no_boundary,./patches_50_meters/patch-1881-1980-1914-2013-#map_189245790.png#.png,map_189245790.png,"(1881, 1980, 1914, 2013)"
patch-2772-99-2805-132-#map_189245790.png#.png,no_boundary,./patches_50_meters/patch-2772-99-2805-132-#map_189245790.png#.png,map_189245790.png,"(2772, 99, 2805, 132)"
patch-3234-693-3267-726-#map_189245790.png#.png,no_boundary,./patches_50_meters/patch-3234-693-3267-726-#map_189245790.png#.png,map_189245790.png,"(3234, 693, 3267, 726)"
patch-3267-561-3300-594-#map_189245790.png#.png,no_boundary,./patches_50_meters/patch-3267-561-3300-594-#map_189245790.png#.png,map_189245790.png,"(3267, 561, 3300, 594)"
patch-165-1914-198-1947-#map_189245802.png#.png,no_boundary,./patches_50_meters/patch-165-1914-198-1947-#map_189245802.png#.png,map_189245802.png,"(165, 1914, 198, 1947)"
patch-825-1452-858-1485-#map_189245802.png#.png,boundary,./patches_50_meters/patch-825-1452-858-1485-#map_189245802.png#.png,map_189245802.png,"(825, 1452, 858, 1485)"
patch-1188-3003-1221-3036-#map_189245802.png#.png,no_boundary,./patches_50_meters/patch-1188-3003-1221-3036-#map_189245802.png#.png,map_189245802.png,"(1188, 3003, 1221, 3036)"
patch-1254-1023-1287-1056-#map_189245802.png#.png,no_boundary,./patches_50_meters/patch-1254-1023-1287-1056-#map_189245802.png#.png,map_189245802.png,"(1254, 1023, 1287, 1056)"
patch-3036-1122-3069-1155-#map_189245802.png#.png,no_boundary,./patches_50_meters/patch-3036-1122-3069-1155-#map_189245802.png#.png,map_189245802.png,"(3036, 1122, 3069, 1155)"
patch-3333-990-3366-1023-#map_189245802.png#.png,no_boundary,./patches_50_meters/patch-3333-990-3366-1023-#map_189245802.png#.png,map_189245802.png,"(3333, 990, 3366, 1023)"
patch-99-198-132-231-#map_189245832.png#.png,no_boundary,./patches_50_meters/patch-99-198-132-231-#map_189245832.png#.png,map_189245832.png,"(99, 198, 132, 231)"
patch-1221-3399-1254-3432-#map_189245832.png#.png,boundary,./patches_50_meters/patch-1221-3399-1254-3432-#map_189245832.png#.png,map_189245832.png,"(1221, 3399, 1254, 3432)"
patch-1320-1221-1353-1254-#map_189245832.png#.png,boundary,./patches_50_meters/patch-1320-1221-1353-1254-#map_189245832.png#.png,map_189245832.png,"(1320, 1221, 1353, 1254)"
patch-1485-2079-1518-2112-#map_189245832.png#.png,boundary,./patches_50_meters/patch-1485-2079-1518-2112-#map_189245832.png#.png,map_189245832.png,"(1485, 2079, 1518, 2112)"
patch-1617-1155-1650-1188-#map_189245832.png#.png,no_boundary,./patches_50_meters/patch-1617-1155-1650-1188-#map_189245832.png#.png,map_189245832.png,"(1617, 1155, 1650, 1188)"
patch-1650-2904-1683-2937-#map_189245832.png#.png,no_boundary,./patches_50_meters/patch-1650-2904-1683-2937-#map_189245832.png#.png,map_189245832.png,"(1650, 2904, 1683, 2937)"
patch-1716-1221-1749-1254-#map_189245832.png#.png,no_boundary,./patches_50_meters/patch-1716-1221-1749-1254-#map_189245832.png#.png,map_189245832.png,"(1716, 1221, 1749, 1254)"
patch-1716-2145-1749-2178-#map_189245832.png#.png,boundary,./patches_50_meters/patch-1716-2145-1749-2178-#map_189245832.png#.png,map_189245832.png,"(1716, 2145, 1749, 2178)"
patch-2013-1914-2046-1947-#map_189245832.png#.png,boundary,./patches_50_meters/patch-2013-1914-2046-1947-#map_189245832.png#.png,map_189245832.png,"(2013, 1914, 2046, 1947)"
patch-2442-396-2475-429-#map_189245832.png#.png,boundary,./patches_50_meters/patch-2442-396-2475-429-#map_189245832.png#.png,map_189245832.png,"(2442, 396, 2475, 429)"
patch-2508-1518-2541-1551-#map_189245832.png#.png,no_boundary,./patches_50_meters/patch-2508-1518-2541-1551-#map_189245832.png#.png,map_189245832.png,"(2508, 1518, 2541, 1551)"
patch-2871-2970-2904-3003-#map_189245832.png#.png,no_boundary,./patches_50_meters/patch-2871-2970-2904-3003-#map_189245832.png#.png,map_189245832.png,"(2871, 2970, 2904, 3003)"
patch-3102-1386-3135-1419-#map_189245832.png#.png,boundary,./patches_50_meters/patch-3102-1386-3135-1419-#map_189245832.png#.png,map_189245832.png,"(3102, 1386, 3135, 1419)"
patch-3597-1881-3630-1914-#map_189245832.png#.png,no_boundary,./patches_50_meters/patch-3597-1881-3630-1914-#map_189245832.png#.png,map_189245832.png,"(3597, 1881, 3630, 1914)"
patch-0-1683-33-1716-#map_189245838.png#.png,no_boundary,./patches_50_meters/patch-0-1683-33-1716-#map_189245838.png#.png,map_189245838.png,"(0, 1683, 33, 1716)"
patch-165-1518-198-1551-#map_189245838.png#.png,boundary,./patches_50_meters/patch-165-1518-198-1551-#map_189245838.png#.png,map_189245838.png,"(165, 1518, 198, 1551)"
patch-1089-1287-1122-1320-#map_189245838.png#.png,boundary,./patches_50_meters/patch-1089-1287-1122-1320-#map_189245838.png#.png,map_189245838.png,"(1089, 1287, 1122, 1320)"
patch-2871-2145-2904-2178-#map_189245838.png#.png,boundary,./patches_50_meters/patch-2871-2145-2904-2178-#map_189245838.png#.png,map_189245838.png,"(2871, 2145, 2904, 2178)"
patch-3201-1815-3234-1848-#map_189245838.png#.png,boundary,./patches_50_meters/patch-3201-1815-3234-1848-#map_189245838.png#.png,map_189245838.png,"(3201, 1815, 3234, 1848)"
patch-3630-2475-3663-2508-#map_189245838.png#.png,no_boundary,./patches_50_meters/patch-3630-2475-3663-2508-#map_189245838.png#.png,map_189245838.png,"(3630, 2475, 3663, 2508)"
patch-759-891-792-924-#map_189245844.png#.png,no_boundary,./patches_50_meters/patch-759-891-792-924-#map_189245844.png#.png,map_189245844.png,"(759, 891, 792, 924)"
patch-1254-2475-1287-2508-#map_189245844.png#.png,no_boundary,./patches_50_meters/patch-1254-2475-1287-2508-#map_189245844.png#.png,map_189245844.png,"(1254, 2475, 1287, 2508)"
patch-1650-66-1683-99-#map_189245844.png#.png,no_boundary,./patches_50_meters/patch-1650-66-1683-99-#map_189245844.png#.png,map_189245844.png,"(1650, 66, 1683, 99)"
patch-1683-1584-1716-1617-#map_189245844.png#.png,no_boundary,./patches_50_meters/patch-1683-1584-1716-1617-#map_189245844.png#.png,map_189245844.png,"(1683, 1584, 1716, 1617)"
patch-1881-1518-1914-1551-#map_189245844.png#.png,no_boundary,./patches_50_meters/patch-1881-1518-1914-1551-#map_189245844.png#.png,map_189245844.png,"(1881, 1518, 1914, 1551)"
patch-2442-594-2475-627-#map_189245844.png#.png,no_boundary,./patches_50_meters/patch-2442-594-2475-627-#map_189245844.png#.png,map_189245844.png,"(2442, 594, 2475, 627)"
patch-2805-3300-2838-3333-#map_189245844.png#.png,boundary,./patches_50_meters/patch-2805-3300-2838-3333-#map_189245844.png#.png,map_189245844.png,"(2805, 3300, 2838, 3333)"
patch-2838-693-2871-726-#map_189245844.png#.png,no_boundary,./patches_50_meters/patch-2838-693-2871-726-#map_189245844.png#.png,map_189245844.png,"(2838, 693, 2871, 726)"
patch-2937-2376-2970-2409-#map_189245844.png#.png,boundary,./patches_50_meters/patch-2937-2376-2970-2409-#map_189245844.png#.png,map_189245844.png,"(2937, 2376, 2970, 2409)"
patch-2937-3432-2970-3465-#map_189245844.png#.png,no_boundary,./patches_50_meters/patch-2937-3432-2970-3465-#map_189245844.png#.png,map_189245844.png,"(2937, 3432, 2970, 3465)"
patch-3135-1353-3168-1386-#map_189245844.png#.png,no_boundary,./patches_50_meters/patch-3135-1353-3168-1386-#map_189245844.png#.png,map_189245844.png,"(3135, 1353, 3168, 1386)"
patch-3234-1947-3267-1980-#map_189245844.png#.png,no_boundary,./patches_50_meters/patch-3234-1947-3267-1980-#map_189245844.png#.png,map_189245844.png,"(3234, 1947, 3267, 1980)"
patch-1551-3003-1584-3036-#map_189245850.png#.png,no_boundary,./patches_50_meters/patch-1551-3003-1584-3036-#map_189245850.png#.png,map_189245850.png,"(1551, 3003, 1584, 3036)"
patch-1716-3333-1749-3366-#map_189245850.png#.png,no_boundary,./patches_50_meters/patch-1716-3333-1749-3366-#map_189245850.png#.png,map_189245850.png,"(1716, 3333, 1749, 3366)"
patch-1914-66-1947-99-#map_189245850.png#.png,no_boundary,./patches_50_meters/patch-1914-66-1947-99-#map_189245850.png#.png,map_189245850.png,"(1914, 66, 1947, 99)"
patch-2211-297-2244-330-#map_189245850.png#.png,boundary,./patches_50_meters/patch-2211-297-2244-330-#map_189245850.png#.png,map_189245850.png,"(2211, 297, 2244, 330)"
patch-2541-396-2574-429-#map_189245850.png#.png,no_boundary,./patches_50_meters/patch-2541-396-2574-429-#map_189245850.png#.png,map_189245850.png,"(2541, 396, 2574, 429)"
patch-2706-2739-2739-2772-#map_189245850.png#.png,boundary,./patches_50_meters/patch-2706-2739-2739-2772-#map_189245850.png#.png,map_189245850.png,"(2706, 2739, 2739, 2772)"
patch-3465-3201-3498-3234-#map_189245850.png#.png,no_boundary,./patches_50_meters/patch-3465-3201-3498-3234-#map_189245850.png#.png,map_189245850.png,"(3465, 3201, 3498, 3234)"
patch-396-3531-429-3564-#map_189245856.png#.png,no_boundary,./patches_50_meters/patch-396-3531-429-3564-#map_189245856.png#.png,map_189245856.png,"(396, 3531, 429, 3564)"
patch-1551-3267-1584-3300-#map_189245856.png#.png,boundary,./patches_50_meters/patch-1551-3267-1584-3300-#map_189245856.png#.png,map_189245856.png,"(1551, 3267, 1584, 3300)"
patch-1584-2871-1617-2904-#map_189245856.png#.png,no_boundary,./patches_50_meters/patch-1584-2871-1617-2904-#map_189245856.png#.png,map_189245856.png,"(1584, 2871, 1617, 2904)"
patch-2475-1485-2508-1518-#map_189245856.png#.png,boundary,./patches_50_meters/patch-2475-1485-2508-1518-#map_189245856.png#.png,map_189245856.png,"(2475, 1485, 2508, 1518)"
patch-2541-2706-2574-2739-#map_189245856.png#.png,boundary,./patches_50_meters/patch-2541-2706-2574-2739-#map_189245856.png#.png,map_189245856.png,"(2541, 2706, 2574, 2739)"
patch-2871-165-2904-198-#map_189245856.png#.png,boundary,./patches_50_meters/patch-2871-165-2904-198-#map_189245856.png#.png,map_189245856.png,"(2871, 165, 2904, 198)"
patch-2937-1815-2970-1848-#map_189245856.png#.png,boundary,./patches_50_meters/patch-2937-1815-2970-1848-#map_189245856.png#.png,map_189245856.png,"(2937, 1815, 2970, 1848)"
patch-2937-3366-2970-3399-#map_189245856.png#.png,boundary,./patches_50_meters/patch-2937-3366-2970-3399-#map_189245856.png#.png,map_189245856.png,"(2937, 3366, 2970, 3399)"
patch-3003-1419-3036-1452-#map_189245856.png#.png,no_boundary,./patches_50_meters/patch-3003-1419-3036-1452-#map_189245856.png#.png,map_189245856.png,"(3003, 1419, 3036, 1452)"
patch-3069-3135-3102-3168-#map_189245856.png#.png,boundary,./patches_50_meters/patch-3069-3135-3102-3168-#map_189245856.png#.png,map_189245856.png,"(3069, 3135, 3102, 3168)"
patch-3267-66-3300-99-#map_189245856.png#.png,boundary,./patches_50_meters/patch-3267-66-3300-99-#map_189245856.png#.png,map_189245856.png,"(3267, 66, 3300, 99)"
patch-627-2046-660-2079-#map_189245862.png#.png,no_boundary,./patches_50_meters/patch-627-2046-660-2079-#map_189245862.png#.png,map_189245862.png,"(627, 2046, 660, 2079)"
patch-792-1419-825-1452-#map_189245862.png#.png,no_boundary,./patches_50_meters/patch-792-1419-825-1452-#map_189245862.png#.png,map_189245862.png,"(792, 1419, 825, 1452)"
patch-1188-2475-1221-2508-#map_189245862.png#.png,boundary,./patches_50_meters/patch-1188-2475-1221-2508-#map_189245862.png#.png,map_189245862.png,"(1188, 2475, 1221, 2508)"
patch-1716-3135-1749-3168-#map_189245862.png#.png,no_boundary,./patches_50_meters/patch-1716-3135-1749-3168-#map_189245862.png#.png,map_189245862.png,"(1716, 3135, 1749, 3168)"
patch-2244-1056-2277-1089-#map_189245862.png#.png,no_boundary,./patches_50_meters/patch-2244-1056-2277-1089-#map_189245862.png#.png,map_189245862.png,"(2244, 1056, 2277, 1089)"
patch-2409-2805-2442-2838-#map_189245862.png#.png,no_boundary,./patches_50_meters/patch-2409-2805-2442-2838-#map_189245862.png#.png,map_189245862.png,"(2409, 2805, 2442, 2838)"
patch-3069-3300-3102-3333-#map_189245862.png#.png,boundary,./patches_50_meters/patch-3069-3300-3102-3333-#map_189245862.png#.png,map_189245862.png,"(3069, 3300, 3102, 3333)"
patch-3102-1320-3135-1353-#map_189245862.png#.png,boundary,./patches_50_meters/patch-3102-1320-3135-1353-#map_189245862.png#.png,map_189245862.png,"(3102, 1320, 3135, 1353)"
patch-3498-1023-3531-1056-#map_189245862.png#.png,boundary,./patches_50_meters/patch-3498-1023-3531-1056-#map_189245862.png#.png,map_189245862.png,"(3498, 1023, 3531, 1056)"
patch-132-792-165-825-#map_189245868.png#.png,boundary,./patches_50_meters/patch-132-792-165-825-#map_189245868.png#.png,map_189245868.png,"(132, 792, 165, 825)"
patch-957-1485-990-1518-#map_189245868.png#.png,boundary,./patches_50_meters/patch-957-1485-990-1518-#map_189245868.png#.png,map_189245868.png,"(957, 1485, 990, 1518)"
patch-1122-2970-1155-3003-#map_189245868.png#.png,no_boundary,./patches_50_meters/patch-1122-2970-1155-3003-#map_189245868.png#.png,map_189245868.png,"(1122, 2970, 1155, 3003)"
patch-1221-231-1254-264-#map_189245868.png#.png,boundary,./patches_50_meters/patch-1221-231-1254-264-#map_189245868.png#.png,map_189245868.png,"(1221, 231, 1254, 264)"
patch-2376-3267-2409-3300-#map_189245868.png#.png,no_boundary,./patches_50_meters/patch-2376-3267-2409-3300-#map_189245868.png#.png,map_189245868.png,"(2376, 3267, 2409, 3300)"
patch-660-297-693-330-#map_189245874.png#.png,no_boundary,./patches_50_meters/patch-660-297-693-330-#map_189245874.png#.png,map_189245874.png,"(660, 297, 693, 330)"
patch-759-1848-792-1881-#map_189245874.png#.png,boundary,./patches_50_meters/patch-759-1848-792-1881-#map_189245874.png#.png,map_189245874.png,"(759, 1848, 792, 1881)"
patch-1089-2871-1122-2904-#map_189245874.png#.png,boundary,./patches_50_meters/patch-1089-2871-1122-2904-#map_189245874.png#.png,map_189245874.png,"(1089, 2871, 1122, 2904)"
patch-1353-3102-1386-3135-#map_189245874.png#.png,boundary,./patches_50_meters/patch-1353-3102-1386-3135-#map_189245874.png#.png,map_189245874.png,"(1353, 3102, 1386, 3135)"
patch-2343-2508-2376-2541-#map_189245874.png#.png,no_boundary,./patches_50_meters/patch-2343-2508-2376-2541-#map_189245874.png#.png,map_189245874.png,"(2343, 2508, 2376, 2541)"
patch-2739-2739-2772-2772-#map_189245874.png#.png,no_boundary,./patches_50_meters/patch-2739-2739-2772-2772-#map_189245874.png#.png,map_189245874.png,"(2739, 2739, 2772, 2772)"
patch-3003-660-3036-693-#map_189245874.png#.png,no_boundary,./patches_50_meters/patch-3003-660-3036-693-#map_189245874.png#.png,map_189245874.png,"(3003, 660, 3036, 693)"
patch-3267-33-3300-66-#map_189245874.png#.png,no_boundary,./patches_50_meters/patch-3267-33-3300-66-#map_189245874.png#.png,map_189245874.png,"(3267, 33, 3300, 66)"
patch-363-1881-396-1914-#map_189245883.png#.png,no_boundary,./patches_50_meters/patch-363-1881-396-1914-#map_189245883.png#.png,map_189245883.png,"(363, 1881, 396, 1914)"
patch-660-2673-693-2706-#map_189245883.png#.png,boundary,./patches_50_meters/patch-660-2673-693-2706-#map_189245883.png#.png,map_189245883.png,"(660, 2673, 693, 2706)"
patch-891-660-924-693-#map_189245883.png#.png,boundary,./patches_50_meters/patch-891-660-924-693-#map_189245883.png#.png,map_189245883.png,"(891, 660, 924, 693)"
patch-1089-1320-1122-1353-#map_189245883.png#.png,no_boundary,./patches_50_meters/patch-1089-1320-1122-1353-#map_189245883.png#.png,map_189245883.png,"(1089, 1320, 1122, 1353)"
patch-1650-2277-1683-2310-#map_189245883.png#.png,no_boundary,./patches_50_meters/patch-1650-2277-1683-2310-#map_189245883.png#.png,map_189245883.png,"(1650, 2277, 1683, 2310)"
patch-1947-594-1980-627-#map_189245883.png#.png,boundary,./patches_50_meters/patch-1947-594-1980-627-#map_189245883.png#.png,map_189245883.png,"(1947, 594, 1980, 627)"
patch-2013-66-2046-99-#map_189245883.png#.png,boundary,./patches_50_meters/patch-2013-66-2046-99-#map_189245883.png#.png,map_189245883.png,"(2013, 66, 2046, 99)"
patch-2211-1287-2244-1320-#map_189245883.png#.png,boundary,./patches_50_meters/patch-2211-1287-2244-1320-#map_189245883.png#.png,map_189245883.png,"(2211, 1287, 2244, 1320)"
patch-2277-2310-2310-2343-#map_189245883.png#.png,no_boundary,./patches_50_meters/patch-2277-2310-2310-2343-#map_189245883.png#.png,map_189245883.png,"(2277, 2310, 2310, 2343)"
patch-2607-957-2640-990-#map_189245883.png#.png,boundary,./patches_50_meters/patch-2607-957-2640-990-#map_189245883.png#.png,map_189245883.png,"(2607, 957, 2640, 990)"
patch-2838-3234-2871-3267-#map_189245883.png#.png,no_boundary,./patches_50_meters/patch-2838-3234-2871-3267-#map_189245883.png#.png,map_189245883.png,"(2838, 3234, 2871, 3267)"
patch-3267-2442-3300-2475-#map_189245883.png#.png,no_boundary,./patches_50_meters/patch-3267-2442-3300-2475-#map_189245883.png#.png,map_189245883.png,"(3267, 2442, 3300, 2475)"
patch-3465-1452-3498-1485-#map_189245883.png#.png,boundary,./patches_50_meters/patch-3465-1452-3498-1485-#map_189245883.png#.png,map_189245883.png,"(3465, 1452, 3498, 1485)"
patch-33-1980-66-2013-#map_189245895.png#.png,no_boundary,./patches_50_meters/patch-33-1980-66-2013-#map_189245895.png#.png,map_189245895.png,"(33, 1980, 66, 2013)"
patch-66-3399-99-3432-#map_189245895.png#.png,no_boundary,./patches_50_meters/patch-66-3399-99-3432-#map_189245895.png#.png,map_189245895.png,"(66, 3399, 99, 3432)"
patch-396-528-429-561-#map_189245895.png#.png,boundary,./patches_50_meters/patch-396-528-429-561-#map_189245895.png#.png,map_189245895.png,"(396, 528, 429, 561)"
patch-396-1287-429-1320-#map_189245895.png#.png,no_boundary,./patches_50_meters/patch-396-1287-429-1320-#map_189245895.png#.png,map_189245895.png,"(396, 1287, 429, 1320)"
patch-1518-3498-1551-3531-#map_189245895.png#.png,boundary,./patches_50_meters/patch-1518-3498-1551-3531-#map_189245895.png#.png,map_189245895.png,"(1518, 3498, 1551, 3531)"
patch-1815-2937-1848-2970-#map_189245895.png#.png,no_boundary,./patches_50_meters/patch-1815-2937-1848-2970-#map_189245895.png#.png,map_189245895.png,"(1815, 2937, 1848, 2970)"
patch-1848-2739-1881-2772-#map_189245895.png#.png,no_boundary,./patches_50_meters/patch-1848-2739-1881-2772-#map_189245895.png#.png,map_189245895.png,"(1848, 2739, 1881, 2772)"
patch-1914-3564-1947-3584-#map_189245895.png#.png,no_boundary,./patches_50_meters/patch-1914-3564-1947-3584-#map_189245895.png#.png,map_189245895.png,"(1914, 3564, 1947, 3584)"
patch-2013-1089-2046-1122-#map_189245895.png#.png,boundary,./patches_50_meters/patch-2013-1089-2046-1122-#map_189245895.png#.png,map_189245895.png,"(2013, 1089, 2046, 1122)"
patch-2937-792-2970-825-#map_189245895.png#.png,no_boundary,./patches_50_meters/patch-2937-792-2970-825-#map_189245895.png#.png,map_189245895.png,"(2937, 792, 2970, 825)"
patch-3465-792-3498-825-#map_189245895.png#.png,boundary,./patches_50_meters/patch-3465-792-3498-825-#map_189245895.png#.png,map_189245895.png,"(3465, 792, 3498, 825)"
patch-264-2541-297-2574-#map_189245901.png#.png,boundary,./patches_50_meters/patch-264-2541-297-2574-#map_189245901.png#.png,map_189245901.png,"(264, 2541, 297, 2574)"
patch-891-2046-924-2079-#map_189245901.png#.png,no_boundary,./patches_50_meters/patch-891-2046-924-2079-#map_189245901.png#.png,map_189245901.png,"(891, 2046, 924, 2079)"
patch-1122-3333-1155-3366-#map_189245901.png#.png,no_boundary,./patches_50_meters/patch-1122-3333-1155-3366-#map_189245901.png#.png,map_189245901.png,"(1122, 3333, 1155, 3366)"
patch-1716-3432-1749-3465-#map_189245901.png#.png,boundary,./patches_50_meters/patch-1716-3432-1749-3465-#map_189245901.png#.png,map_189245901.png,"(1716, 3432, 1749, 3465)"
patch-1881-1914-1914-1947-#map_189245901.png#.png,no_boundary,./patches_50_meters/patch-1881-1914-1914-1947-#map_189245901.png#.png,map_189245901.png,"(1881, 1914, 1914, 1947)"
patch-2046-1881-2079-1914-#map_189245901.png#.png,no_boundary,./patches_50_meters/patch-2046-1881-2079-1914-#map_189245901.png#.png,map_189245901.png,"(2046, 1881, 2079, 1914)"
patch-2079-792-2112-825-#map_189245901.png#.png,no_boundary,./patches_50_meters/patch-2079-792-2112-825-#map_189245901.png#.png,map_189245901.png,"(2079, 792, 2112, 825)"
patch-2475-2244-2508-2277-#map_189245901.png#.png,no_boundary,./patches_50_meters/patch-2475-2244-2508-2277-#map_189245901.png#.png,map_189245901.png,"(2475, 2244, 2508, 2277)"
patch-297-2244-330-2277-#map_189245934.png#.png,boundary,./patches_50_meters/patch-297-2244-330-2277-#map_189245934.png#.png,map_189245934.png,"(297, 2244, 330, 2277)"
patch-462-3432-495-3465-#map_189245934.png#.png,boundary,./patches_50_meters/patch-462-3432-495-3465-#map_189245934.png#.png,map_189245934.png,"(462, 3432, 495, 3465)"
patch-561-2310-594-2343-#map_189245934.png#.png,boundary,./patches_50_meters/patch-561-2310-594-2343-#map_189245934.png#.png,map_189245934.png,"(561, 2310, 594, 2343)"
patch-660-3135-693-3168-#map_189245934.png#.png,no_boundary,./patches_50_meters/patch-660-3135-693-3168-#map_189245934.png#.png,map_189245934.png,"(660, 3135, 693, 3168)"
patch-759-561-792-594-#map_189245934.png#.png,boundary,./patches_50_meters/patch-759-561-792-594-#map_189245934.png#.png,map_189245934.png,"(759, 561, 792, 594)"
patch-759-2178-792-2211-#map_189245934.png#.png,no_boundary,./patches_50_meters/patch-759-2178-792-2211-#map_189245934.png#.png,map_189245934.png,"(759, 2178, 792, 2211)"
patch-1881-2145-1914-2178-#map_189245934.png#.png,boundary,./patches_50_meters/patch-1881-2145-1914-2178-#map_189245934.png#.png,map_189245934.png,"(1881, 2145, 1914, 2178)"
patch-2838-3267-2871-3300-#map_189245934.png#.png,boundary,./patches_50_meters/patch-2838-3267-2871-3300-#map_189245934.png#.png,map_189245934.png,"(2838, 3267, 2871, 3300)"
patch-3399-924-3432-957-#map_189245934.png#.png,no_boundary,./patches_50_meters/patch-3399-924-3432-957-#map_189245934.png#.png,map_189245934.png,"(3399, 924, 3432, 957)"
patch-3465-2541-3498-2574-#map_189245934.png#.png,no_boundary,./patches_50_meters/patch-3465-2541-3498-2574-#map_189245934.png#.png,map_189245934.png,"(3465, 2541, 3498, 2574)"
patch-3663-2607-3696-2640-#map_189245934.png#.png,no_boundary,./patches_50_meters/patch-3663-2607-3696-2640-#map_189245934.png#.png,map_189245934.png,"(3663, 2607, 3696, 2640)"
patch-627-3597-660-3630-#map_189246180.png#.png,no_boundary,./patches_50_meters/patch-627-3597-660-3630-#map_189246180.png#.png,map_189246180.png,"(627, 3597, 660, 3630)"
patch-1089-2904-1122-2937-#map_189246180.png#.png,boundary,./patches_50_meters/patch-1089-2904-1122-2937-#map_189246180.png#.png,map_189246180.png,"(1089, 2904, 1122, 2937)"
patch-1254-3069-1287-3102-#map_189246180.png#.png,no_boundary,./patches_50_meters/patch-1254-3069-1287-3102-#map_189246180.png#.png,map_189246180.png,"(1254, 3069, 1287, 3102)"
patch-1485-792-1518-825-#map_189246180.png#.png,no_boundary,./patches_50_meters/patch-1485-792-1518-825-#map_189246180.png#.png,map_189246180.png,"(1485, 792, 1518, 825)"
patch-2079-66-2112-99-#map_189246180.png#.png,no_boundary,./patches_50_meters/patch-2079-66-2112-99-#map_189246180.png#.png,map_189246180.png,"(2079, 66, 2112, 99)"
patch-2112-594-2145-627-#map_189246180.png#.png,boundary,./patches_50_meters/patch-2112-594-2145-627-#map_189246180.png#.png,map_189246180.png,"(2112, 594, 2145, 627)"
patch-2145-1023-2178-1056-#map_189246180.png#.png,no_boundary,./patches_50_meters/patch-2145-1023-2178-1056-#map_189246180.png#.png,map_189246180.png,"(2145, 1023, 2178, 1056)"
patch-2475-3630-2508-3663-#map_189246180.png#.png,no_boundary,./patches_50_meters/patch-2475-3630-2508-3663-#map_189246180.png#.png,map_189246180.png,"(2475, 3630, 2508, 3663)"
patch-2706-3168-2739-3201-#map_189246180.png#.png,no_boundary,./patches_50_meters/patch-2706-3168-2739-3201-#map_189246180.png#.png,map_189246180.png,"(2706, 3168, 2739, 3201)"
patch-2937-2904-2970-2937-#map_189246180.png#.png,no_boundary,./patches_50_meters/patch-2937-2904-2970-2937-#map_189246180.png#.png,map_189246180.png,"(2937, 2904, 2970, 2937)"
patch-3432-1848-3465-1881-#map_189246180.png#.png,boundary,./patches_50_meters/patch-3432-1848-3465-1881-#map_189246180.png#.png,map_189246180.png,"(3432, 1848, 3465, 1881)"
patch-99-2145-132-2178-#map_189246189.png#.png,no_boundary,./patches_50_meters/patch-99-2145-132-2178-#map_189246189.png#.png,map_189246189.png,"(99, 2145, 132, 2178)"
patch-132-198-165-231-#map_189246189.png#.png,boundary,./patches_50_meters/patch-132-198-165-231-#map_189246189.png#.png,map_189246189.png,"(132, 198, 165, 231)"
patch-231-1056-264-1089-#map_189246189.png#.png,boundary,./patches_50_meters/patch-231-1056-264-1089-#map_189246189.png#.png,map_189246189.png,"(231, 1056, 264, 1089)"
patch-429-1122-462-1155-#map_189246189.png#.png,no_boundary,./patches_50_meters/patch-429-1122-462-1155-#map_189246189.png#.png,map_189246189.png,"(429, 1122, 462, 1155)"
patch-528-1617-561-1650-#map_189246189.png#.png,no_boundary,./patches_50_meters/patch-528-1617-561-1650-#map_189246189.png#.png,map_189246189.png,"(528, 1617, 561, 1650)"
patch-1056-2904-1089-2937-#map_189246189.png#.png,no_boundary,./patches_50_meters/patch-1056-2904-1089-2937-#map_189246189.png#.png,map_189246189.png,"(1056, 2904, 1089, 2937)"
patch-1287-2772-1320-2805-#map_189246189.png#.png,no_boundary,./patches_50_meters/patch-1287-2772-1320-2805-#map_189246189.png#.png,map_189246189.png,"(1287, 2772, 1320, 2805)"
patch-1386-3234-1419-3267-#map_189246189.png#.png,boundary,./patches_50_meters/patch-1386-3234-1419-3267-#map_189246189.png#.png,map_189246189.png,"(1386, 3234, 1419, 3267)"
patch-1848-594-1881-627-#map_189246189.png#.png,no_boundary,./patches_50_meters/patch-1848-594-1881-627-#map_189246189.png#.png,map_189246189.png,"(1848, 594, 1881, 627)"
patch-2574-396-2607-429-#map_189246189.png#.png,boundary,./patches_50_meters/patch-2574-396-2607-429-#map_189246189.png#.png,map_189246189.png,"(2574, 396, 2607, 429)"
patch-2640-3201-2673-3234-#map_189246189.png#.png,boundary,./patches_50_meters/patch-2640-3201-2673-3234-#map_189246189.png#.png,map_189246189.png,"(2640, 3201, 2673, 3234)"
patch-3036-3300-3069-3333-#map_189246189.png#.png,no_boundary,./patches_50_meters/patch-3036-3300-3069-3333-#map_189246189.png#.png,map_189246189.png,"(3036, 3300, 3069, 3333)"
patch-3201-3069-3234-3102-#map_189246189.png#.png,no_boundary,./patches_50_meters/patch-3201-3069-3234-3102-#map_189246189.png#.png,map_189246189.png,"(3201, 3069, 3234, 3102)"
patch-3531-2970-3564-3003-#map_189246189.png#.png,no_boundary,./patches_50_meters/patch-3531-2970-3564-3003-#map_189246189.png#.png,map_189246189.png,"(3531, 2970, 3564, 3003)"
patch-132-693-165-726-#map_189246216.png#.png,no_boundary,./patches_50_meters/patch-132-693-165-726-#map_189246216.png#.png,map_189246216.png,"(132, 693, 165, 726)"
patch-363-2706-396-2739-#map_189246216.png#.png,no_boundary,./patches_50_meters/patch-363-2706-396-2739-#map_189246216.png#.png,map_189246216.png,"(363, 2706, 396, 2739)"
patch-957-2046-990-2079-#map_189246216.png#.png,no_boundary,./patches_50_meters/patch-957-2046-990-2079-#map_189246216.png#.png,map_189246216.png,"(957, 2046, 990, 2079)"
patch-1386-759-1419-792-#map_189246216.png#.png,no_boundary,./patches_50_meters/patch-1386-759-1419-792-#map_189246216.png#.png,map_189246216.png,"(1386, 759, 1419, 792)"
patch-2046-1518-2079-1551-#map_189246216.png#.png,boundary,./patches_50_meters/patch-2046-1518-2079-1551-#map_189246216.png#.png,map_189246216.png,"(2046, 1518, 2079, 1551)"
patch-2244-99-2277-132-#map_189246216.png#.png,boundary,./patches_50_meters/patch-2244-99-2277-132-#map_189246216.png#.png,map_189246216.png,"(2244, 99, 2277, 132)"
patch-2541-462-2574-495-#map_189246216.png#.png,no_boundary,./patches_50_meters/patch-2541-462-2574-495-#map_189246216.png#.png,map_189246216.png,"(2541, 462, 2574, 495)"
patch-3300-1518-3333-1551-#map_189246216.png#.png,boundary,./patches_50_meters/patch-3300-1518-3333-1551-#map_189246216.png#.png,map_189246216.png,"(3300, 1518, 3333, 1551)"
patch-66-2475-99-2508-#map_189246222.png#.png,boundary,./patches_50_meters/patch-66-2475-99-2508-#map_189246222.png#.png,map_189246222.png,"(66, 2475, 99, 2508)"
patch-297-1881-330-1914-#map_189246222.png#.png,boundary,./patches_50_meters/patch-297-1881-330-1914-#map_189246222.png#.png,map_189246222.png,"(297, 1881, 330, 1914)"
patch-528-2970-561-3003-#map_189246222.png#.png,boundary,./patches_50_meters/patch-528-2970-561-3003-#map_189246222.png#.png,map_189246222.png,"(528, 2970, 561, 3003)"
patch-561-1023-594-1056-#map_189246222.png#.png,no_boundary,./patches_50_meters/patch-561-1023-594-1056-#map_189246222.png#.png,map_189246222.png,"(561, 1023, 594, 1056)"
patch-594-2046-627-2079-#map_189246222.png#.png,boundary,./patches_50_meters/patch-594-2046-627-2079-#map_189246222.png#.png,map_189246222.png,"(594, 2046, 627, 2079)"
patch-1056-2079-1089-2112-#map_189246222.png#.png,boundary,./patches_50_meters/patch-1056-2079-1089-2112-#map_189246222.png#.png,map_189246222.png,"(1056, 2079, 1089, 2112)"
patch-1749-3432-1782-3465-#map_189246222.png#.png,boundary,./patches_50_meters/patch-1749-3432-1782-3465-#map_189246222.png#.png,map_189246222.png,"(1749, 3432, 1782, 3465)"
patch-2013-1881-2046-1914-#map_189246222.png#.png,boundary,./patches_50_meters/patch-2013-1881-2046-1914-#map_189246222.png#.png,map_189246222.png,"(2013, 1881, 2046, 1914)"
patch-2970-1320-3003-1353-#map_189246222.png#.png,boundary,./patches_50_meters/patch-2970-1320-3003-1353-#map_189246222.png#.png,map_189246222.png,"(2970, 1320, 3003, 1353)"
patch-3069-198-3102-231-#map_189246222.png#.png,boundary,./patches_50_meters/patch-3069-198-3102-231-#map_189246222.png#.png,map_189246222.png,"(3069, 198, 3102, 231)"
patch-3432-3267-3465-3300-#map_189246222.png#.png,no_boundary,./patches_50_meters/patch-3432-3267-3465-3300-#map_189246222.png#.png,map_189246222.png,"(3432, 3267, 3465, 3300)"
patch-297-891-330-924-#map_189246228.png#.png,boundary,./patches_50_meters/patch-297-891-330-924-#map_189246228.png#.png,map_189246228.png,"(297, 891, 330, 924)"
patch-462-990-495-1023-#map_189246228.png#.png,boundary,./patches_50_meters/patch-462-990-495-1023-#map_189246228.png#.png,map_189246228.png,"(462, 990, 495, 1023)"
patch-726-2013-759-2046-#map_189246228.png#.png,no_boundary,./patches_50_meters/patch-726-2013-759-2046-#map_189246228.png#.png,map_189246228.png,"(726, 2013, 759, 2046)"
patch-1386-2871-1419-2904-#map_189246228.png#.png,no_boundary,./patches_50_meters/patch-1386-2871-1419-2904-#map_189246228.png#.png,map_189246228.png,"(1386, 2871, 1419, 2904)"
patch-2772-1683-2805-1716-#map_189246228.png#.png,no_boundary,./patches_50_meters/patch-2772-1683-2805-1716-#map_189246228.png#.png,map_189246228.png,"(2772, 1683, 2805, 1716)"
patch-990-1485-1023-1518-#map_189246234.png#.png,boundary,./patches_50_meters/patch-990-1485-1023-1518-#map_189246234.png#.png,map_189246234.png,"(990, 1485, 1023, 1518)"
patch-1353-3465-1386-3498-#map_189246234.png#.png,no_boundary,./patches_50_meters/patch-1353-3465-1386-3498-#map_189246234.png#.png,map_189246234.png,"(1353, 3465, 1386, 3498)"
patch-1650-3201-1683-3234-#map_189246234.png#.png,boundary,./patches_50_meters/patch-1650-3201-1683-3234-#map_189246234.png#.png,map_189246234.png,"(1650, 3201, 1683, 3234)"
patch-1683-3267-1716-3300-#map_189246234.png#.png,no_boundary,./patches_50_meters/patch-1683-3267-1716-3300-#map_189246234.png#.png,map_189246234.png,"(1683, 3267, 1716, 3300)"
patch-462-495-495-528-#map_189246240.png#.png,no_boundary,./patches_50_meters/patch-462-495-495-528-#map_189246240.png#.png,map_189246240.png,"(462, 495, 495, 528)"
patch-627-1551-660-1584-#map_189246240.png#.png,boundary,./patches_50_meters/patch-627-1551-660-1584-#map_189246240.png#.png,map_189246240.png,"(627, 1551, 660, 1584)"
patch-1287-1287-1320-1320-#map_189246240.png#.png,boundary,./patches_50_meters/patch-1287-1287-1320-1320-#map_189246240.png#.png,map_189246240.png,"(1287, 1287, 1320, 1320)"
patch-1452-3333-1485-3366-#map_189246240.png#.png,no_boundary,./patches_50_meters/patch-1452-3333-1485-3366-#map_189246240.png#.png,map_189246240.png,"(1452, 3333, 1485, 3366)"
patch-1518-462-1551-495-#map_189246240.png#.png,boundary,./patches_50_meters/patch-1518-462-1551-495-#map_189246240.png#.png,map_189246240.png,"(1518, 462, 1551, 495)"
patch-1617-3465-1650-3498-#map_189246240.png#.png,boundary,./patches_50_meters/patch-1617-3465-1650-3498-#map_189246240.png#.png,map_189246240.png,"(1617, 3465, 1650, 3498)"
patch-2673-1617-2706-1650-#map_189246240.png#.png,boundary,./patches_50_meters/patch-2673-1617-2706-1650-#map_189246240.png#.png,map_189246240.png,"(2673, 1617, 2706, 1650)"
patch-2805-3234-2838-3267-#map_189246240.png#.png,no_boundary,./patches_50_meters/patch-2805-3234-2838-3267-#map_189246240.png#.png,map_189246240.png,"(2805, 3234, 2838, 3267)"
patch-3333-1716-3366-1749-#map_189246240.png#.png,boundary,./patches_50_meters/patch-3333-1716-3366-1749-#map_189246240.png#.png,map_189246240.png,"(3333, 1716, 3366, 1749)"
patch-3366-1980-3399-2013-#map_189246240.png#.png,boundary,./patches_50_meters/patch-3366-1980-3399-2013-#map_189246240.png#.png,map_189246240.png,"(3366, 1980, 3399, 2013)"
patch-3531-1782-3564-1815-#map_189246240.png#.png,boundary,./patches_50_meters/patch-3531-1782-3564-1815-#map_189246240.png#.png,map_189246240.png,"(3531, 1782, 3564, 1815)"
patch-132-66-165-99-#map_189246246.png#.png,no_boundary,./patches_50_meters/patch-132-66-165-99-#map_189246246.png#.png,map_189246246.png,"(132, 66, 165, 99)"
patch-198-3465-231-3498-#map_189246246.png#.png,no_boundary,./patches_50_meters/patch-198-3465-231-3498-#map_189246246.png#.png,map_189246246.png,"(198, 3465, 231, 3498)"
patch-429-3201-462-3234-#map_189246246.png#.png,no_boundary,./patches_50_meters/patch-429-3201-462-3234-#map_189246246.png#.png,map_189246246.png,"(429, 3201, 462, 3234)"
patch-594-1419-627-1452-#map_189246246.png#.png,no_boundary,./patches_50_meters/patch-594-1419-627-1452-#map_189246246.png#.png,map_189246246.png,"(594, 1419, 627, 1452)"
patch-1518-1221-1551-1254-#map_189246246.png#.png,boundary,./patches_50_meters/patch-1518-1221-1551-1254-#map_189246246.png#.png,map_189246246.png,"(1518, 1221, 1551, 1254)"
patch-2871-3069-2904-3102-#map_189246246.png#.png,no_boundary,./patches_50_meters/patch-2871-3069-2904-3102-#map_189246246.png#.png,map_189246246.png,"(2871, 3069, 2904, 3102)"
patch-2970-2937-3003-2970-#map_189246246.png#.png,boundary,./patches_50_meters/patch-2970-2937-3003-2970-#map_189246246.png#.png,map_189246246.png,"(2970, 2937, 3003, 2970)"
patch-3069-2178-3102-2211-#map_189246246.png#.png,boundary,./patches_50_meters/patch-3069-2178-3102-2211-#map_189246246.png#.png,map_189246246.png,"(3069, 2178, 3102, 2211)"
patch-99-1287-132-1320-#map_189246252.png#.png,boundary,./patches_50_meters/patch-99-1287-132-1320-#map_189246252.png#.png,map_189246252.png,"(99, 1287, 132, 1320)"
patch-528-2475-561-2508-#map_189246252.png#.png,no_boundary,./patches_50_meters/patch-528-2475-561-2508-#map_189246252.png#.png,map_189246252.png,"(528, 2475, 561, 2508)"
patch-660-396-693-429-#map_189246252.png#.png,no_boundary,./patches_50_meters/patch-660-396-693-429-#map_189246252.png#.png,map_189246252.png,"(660, 396, 693, 429)"
patch-759-1287-792-1320-#map_189246252.png#.png,boundary,./patches_50_meters/patch-759-1287-792-1320-#map_189246252.png#.png,map_189246252.png,"(759, 1287, 792, 1320)"
patch-1023-3267-1056-3300-#map_189246252.png#.png,boundary,./patches_50_meters/patch-1023-3267-1056-3300-#map_189246252.png#.png,map_189246252.png,"(1023, 3267, 1056, 3300)"
patch-1551-2508-1584-2541-#map_189246252.png#.png,no_boundary,./patches_50_meters/patch-1551-2508-1584-2541-#map_189246252.png#.png,map_189246252.png,"(1551, 2508, 1584, 2541)"
patch-1749-2574-1782-2607-#map_189246252.png#.png,no_boundary,./patches_50_meters/patch-1749-2574-1782-2607-#map_189246252.png#.png,map_189246252.png,"(1749, 2574, 1782, 2607)"
patch-1848-3135-1881-3168-#map_189246252.png#.png,no_boundary,./patches_50_meters/patch-1848-3135-1881-3168-#map_189246252.png#.png,map_189246252.png,"(1848, 3135, 1881, 3168)"
patch-2244-2211-2277-2244-#map_189246252.png#.png,no_boundary,./patches_50_meters/patch-2244-2211-2277-2244-#map_189246252.png#.png,map_189246252.png,"(2244, 2211, 2277, 2244)"
patch-2310-1716-2343-1749-#map_189246252.png#.png,no_boundary,./patches_50_meters/patch-2310-1716-2343-1749-#map_189246252.png#.png,map_189246252.png,"(2310, 1716, 2343, 1749)"
patch-2343-2937-2376-2970-#map_189246252.png#.png,boundary,./patches_50_meters/patch-2343-2937-2376-2970-#map_189246252.png#.png,map_189246252.png,"(2343, 2937, 2376, 2970)"
patch-2739-3795-2772-3828-#map_189246252.png#.png,no_boundary,./patches_50_meters/patch-2739-3795-2772-3828-#map_189246252.png#.png,map_189246252.png,"(2739, 3795, 2772, 3828)"
patch-2838-1914-2871-1947-#map_189246252.png#.png,boundary,./patches_50_meters/patch-2838-1914-2871-1947-#map_189246252.png#.png,map_189246252.png,"(2838, 1914, 2871, 1947)"
patch-3168-3201-3201-3234-#map_189246252.png#.png,boundary,./patches_50_meters/patch-3168-3201-3201-3234-#map_189246252.png#.png,map_189246252.png,"(3168, 3201, 3201, 3234)"
patch-3498-1782-3531-1815-#map_189246252.png#.png,boundary,./patches_50_meters/patch-3498-1782-3531-1815-#map_189246252.png#.png,map_189246252.png,"(3498, 1782, 3531, 1815)"
patch-231-2706-264-2739-#map_189246258.png#.png,no_boundary,./patches_50_meters/patch-231-2706-264-2739-#map_189246258.png#.png,map_189246258.png,"(231, 2706, 264, 2739)"
patch-396-3333-429-3366-#map_189246258.png#.png,no_boundary,./patches_50_meters/patch-396-3333-429-3366-#map_189246258.png#.png,map_189246258.png,"(396, 3333, 429, 3366)"
patch-924-2244-957-2277-#map_189246258.png#.png,boundary,./patches_50_meters/patch-924-2244-957-2277-#map_189246258.png#.png,map_189246258.png,"(924, 2244, 957, 2277)"
patch-1188-3201-1221-3234-#map_189246258.png#.png,no_boundary,./patches_50_meters/patch-1188-3201-1221-3234-#map_189246258.png#.png,map_189246258.png,"(1188, 3201, 1221, 3234)"
patch-1386-2013-1419-2046-#map_189246258.png#.png,boundary,./patches_50_meters/patch-1386-2013-1419-2046-#map_189246258.png#.png,map_189246258.png,"(1386, 2013, 1419, 2046)"
patch-1485-825-1518-858-#map_189246258.png#.png,no_boundary,./patches_50_meters/patch-1485-825-1518-858-#map_189246258.png#.png,map_189246258.png,"(1485, 825, 1518, 858)"
patch-1485-1056-1518-1089-#map_189246258.png#.png,boundary,./patches_50_meters/patch-1485-1056-1518-1089-#map_189246258.png#.png,map_189246258.png,"(1485, 1056, 1518, 1089)"
patch-1518-3465-1551-3498-#map_189246258.png#.png,boundary,./patches_50_meters/patch-1518-3465-1551-3498-#map_189246258.png#.png,map_189246258.png,"(1518, 3465, 1551, 3498)"
patch-1551-297-1584-330-#map_189246258.png#.png,no_boundary,./patches_50_meters/patch-1551-297-1584-330-#map_189246258.png#.png,map_189246258.png,"(1551, 297, 1584, 330)"
patch-1584-726-1617-759-#map_189246258.png#.png,no_boundary,./patches_50_meters/patch-1584-726-1617-759-#map_189246258.png#.png,map_189246258.png,"(1584, 726, 1617, 759)"
patch-1815-759-1848-792-#map_189246258.png#.png,no_boundary,./patches_50_meters/patch-1815-759-1848-792-#map_189246258.png#.png,map_189246258.png,"(1815, 759, 1848, 792)"
patch-2343-1485-2376-1518-#map_189246258.png#.png,no_boundary,./patches_50_meters/patch-2343-1485-2376-1518-#map_189246258.png#.png,map_189246258.png,"(2343, 1485, 2376, 1518)"
patch-2541-2904-2574-2937-#map_189246258.png#.png,boundary,./patches_50_meters/patch-2541-2904-2574-2937-#map_189246258.png#.png,map_189246258.png,"(2541, 2904, 2574, 2937)"
patch-3366-3036-3399-3069-#map_189246258.png#.png,no_boundary,./patches_50_meters/patch-3366-3036-3399-3069-#map_189246258.png#.png,map_189246258.png,"(3366, 3036, 3399, 3069)"
patch-3597-2343-3630-2376-#map_189246258.png#.png,boundary,./patches_50_meters/patch-3597-2343-3630-2376-#map_189246258.png#.png,map_189246258.png,"(3597, 2343, 3630, 2376)"
patch-858-924-891-957-#map_189246279.png#.png,no_boundary,./patches_50_meters/patch-858-924-891-957-#map_189246279.png#.png,map_189246279.png,"(858, 924, 891, 957)"
patch-1584-2442-1617-2475-#map_189246279.png#.png,boundary,./patches_50_meters/patch-1584-2442-1617-2475-#map_189246279.png#.png,map_189246279.png,"(1584, 2442, 1617, 2475)"
patch-2409-858-2442-891-#map_189246279.png#.png,boundary,./patches_50_meters/patch-2409-858-2442-891-#map_189246279.png#.png,map_189246279.png,"(2409, 858, 2442, 891)"
patch-2409-1617-2442-1650-#map_189246279.png#.png,boundary,./patches_50_meters/patch-2409-1617-2442-1650-#map_189246279.png#.png,map_189246279.png,"(2409, 1617, 2442, 1650)"
patch-2805-3069-2838-3102-#map_189246279.png#.png,boundary,./patches_50_meters/patch-2805-3069-2838-3102-#map_189246279.png#.png,map_189246279.png,"(2805, 3069, 2838, 3102)"
patch-3498-1815-3531-1848-#map_189246279.png#.png,no_boundary,./patches_50_meters/patch-3498-1815-3531-1848-#map_189246279.png#.png,map_189246279.png,"(3498, 1815, 3531, 1848)"
patch-0-1617-33-1650-#map_189246285.png#.png,boundary,./patches_50_meters/patch-0-1617-33-1650-#map_189246285.png#.png,map_189246285.png,"(0, 1617, 33, 1650)"
patch-957-2046-990-2079-#map_189246285.png#.png,boundary,./patches_50_meters/patch-957-2046-990-2079-#map_189246285.png#.png,map_189246285.png,"(957, 2046, 990, 2079)"
patch-1056-2376-1089-2409-#map_189246285.png#.png,no_boundary,./patches_50_meters/patch-1056-2376-1089-2409-#map_189246285.png#.png,map_189246285.png,"(1056, 2376, 1089, 2409)"
patch-1650-1254-1683-1287-#map_189246285.png#.png,boundary,./patches_50_meters/patch-1650-1254-1683-1287-#map_189246285.png#.png,map_189246285.png,"(1650, 1254, 1683, 1287)"
patch-2079-1683-2112-1716-#map_189246285.png#.png,no_boundary,./patches_50_meters/patch-2079-1683-2112-1716-#map_189246285.png#.png,map_189246285.png,"(2079, 1683, 2112, 1716)"
patch-2805-3465-2838-3498-#map_189246285.png#.png,no_boundary,./patches_50_meters/patch-2805-3465-2838-3498-#map_189246285.png#.png,map_189246285.png,"(2805, 3465, 2838, 3498)"
patch-2970-726-3003-759-#map_189246285.png#.png,boundary,./patches_50_meters/patch-2970-726-3003-759-#map_189246285.png#.png,map_189246285.png,"(2970, 726, 3003, 759)"
patch-429-1122-462-1155-#map_189258146.png#.png,no_boundary,./patches_50_meters/patch-429-1122-462-1155-#map_189258146.png#.png,map_189258146.png,"(429, 1122, 462, 1155)"
patch-1188-3498-1221-3531-#map_189258146.png#.png,no_boundary,./patches_50_meters/patch-1188-3498-1221-3531-#map_189258146.png#.png,map_189258146.png,"(1188, 3498, 1221, 3531)"
patch-1353-495-1386-528-#map_189258146.png#.png,no_boundary,./patches_50_meters/patch-1353-495-1386-528-#map_189258146.png#.png,map_189258146.png,"(1353, 495, 1386, 528)"
patch-2343-1650-2376-1683-#map_189258146.png#.png,no_boundary,./patches_50_meters/patch-2343-1650-2376-1683-#map_189258146.png#.png,map_189258146.png,"(2343, 1650, 2376, 1683)"
patch-2673-2673-2706-2706-#map_189258146.png#.png,no_boundary,./patches_50_meters/patch-2673-2673-2706-2706-#map_189258146.png#.png,map_189258146.png,"(2673, 2673, 2706, 2706)"
patch-3069-1551-3102-1584-#map_189258146.png#.png,boundary,./patches_50_meters/patch-3069-1551-3102-1584-#map_189258146.png#.png,map_189258146.png,"(3069, 1551, 3102, 1584)"
patch-3300-3201-3333-3234-#map_189258146.png#.png,no_boundary,./patches_50_meters/patch-3300-3201-3333-3234-#map_189258146.png#.png,map_189258146.png,"(3300, 3201, 3333, 3234)"
patch-2805-3069-2838-3102-#map_189258152.png#.png,no_boundary,./patches_50_meters/patch-2805-3069-2838-3102-#map_189258152.png#.png,map_189258152.png,"(2805, 3069, 2838, 3102)"
patch-3201-1485-3234-1518-#map_189258152.png#.png,no_boundary,./patches_50_meters/patch-3201-1485-3234-1518-#map_189258152.png#.png,map_189258152.png,"(3201, 1485, 3234, 1518)"
patch-3432-792-3465-825-#map_189258152.png#.png,boundary,./patches_50_meters/patch-3432-792-3465-825-#map_189258152.png#.png,map_189258152.png,"(3432, 792, 3465, 825)"
patch-462-1749-495-1782-#map_189258173.png#.png,no_boundary,./patches_50_meters/patch-462-1749-495-1782-#map_189258173.png#.png,map_189258173.png,"(462, 1749, 495, 1782)"
patch-462-2079-495-2112-#map_189258173.png#.png,no_boundary,./patches_50_meters/patch-462-2079-495-2112-#map_189258173.png#.png,map_189258173.png,"(462, 2079, 495, 2112)"
patch-594-1254-627-1287-#map_189258173.png#.png,no_boundary,./patches_50_meters/patch-594-1254-627-1287-#map_189258173.png#.png,map_189258173.png,"(594, 1254, 627, 1287)"
patch-1155-2409-1188-2442-#map_189258173.png#.png,no_boundary,./patches_50_meters/patch-1155-2409-1188-2442-#map_189258173.png#.png,map_189258173.png,"(1155, 2409, 1188, 2442)"
patch-1188-1815-1221-1848-#map_189258173.png#.png,no_boundary,./patches_50_meters/patch-1188-1815-1221-1848-#map_189258173.png#.png,map_189258173.png,"(1188, 1815, 1221, 1848)"
patch-1584-561-1617-594-#map_189258173.png#.png,no_boundary,./patches_50_meters/patch-1584-561-1617-594-#map_189258173.png#.png,map_189258173.png,"(1584, 561, 1617, 594)"
patch-1683-1518-1716-1551-#map_189258173.png#.png,no_boundary,./patches_50_meters/patch-1683-1518-1716-1551-#map_189258173.png#.png,map_189258173.png,"(1683, 1518, 1716, 1551)"
patch-2112-1518-2145-1551-#map_189258173.png#.png,no_boundary,./patches_50_meters/patch-2112-1518-2145-1551-#map_189258173.png#.png,map_189258173.png,"(2112, 1518, 2145, 1551)"
patch-3201-198-3234-231-#map_189258173.png#.png,boundary,./patches_50_meters/patch-3201-198-3234-231-#map_189258173.png#.png,map_189258173.png,"(3201, 198, 3234, 231)"
patch-3300-132-3333-165-#map_189258173.png#.png,no_boundary,./patches_50_meters/patch-3300-132-3333-165-#map_189258173.png#.png,map_189258173.png,"(3300, 132, 3333, 165)"
patch-198-3135-231-3168-#map_189258179.png#.png,boundary,./patches_50_meters/patch-198-3135-231-3168-#map_189258179.png#.png,map_189258179.png,"(198, 3135, 231, 3168)"
patch-429-2244-462-2277-#map_189258179.png#.png,no_boundary,./patches_50_meters/patch-429-2244-462-2277-#map_189258179.png#.png,map_189258179.png,"(429, 2244, 462, 2277)"
patch-1023-627-1056-660-#map_189258179.png#.png,boundary,./patches_50_meters/patch-1023-627-1056-660-#map_189258179.png#.png,map_189258179.png,"(1023, 627, 1056, 660)"
patch-1716-2013-1749-2046-#map_189258179.png#.png,no_boundary,./patches_50_meters/patch-1716-2013-1749-2046-#map_189258179.png#.png,map_189258179.png,"(1716, 2013, 1749, 2046)"
patch-1749-2442-1782-2475-#map_189258179.png#.png,boundary,./patches_50_meters/patch-1749-2442-1782-2475-#map_189258179.png#.png,map_189258179.png,"(1749, 2442, 1782, 2475)"
patch-1881-0-1914-33-#map_189258179.png#.png,boundary,./patches_50_meters/patch-1881-0-1914-33-#map_189258179.png#.png,map_189258179.png,"(1881, 0, 1914, 33)"
patch-1914-660-1947-693-#map_189258179.png#.png,no_boundary,./patches_50_meters/patch-1914-660-1947-693-#map_189258179.png#.png,map_189258179.png,"(1914, 660, 1947, 693)"
patch-2574-858-2607-891-#map_189258179.png#.png,no_boundary,./patches_50_meters/patch-2574-858-2607-891-#map_189258179.png#.png,map_189258179.png,"(2574, 858, 2607, 891)"
patch-2673-2277-2706-2310-#map_189258179.png#.png,boundary,./patches_50_meters/patch-2673-2277-2706-2310-#map_189258179.png#.png,map_189258179.png,"(2673, 2277, 2706, 2310)"
patch-2772-1848-2805-1881-#map_189258179.png#.png,no_boundary,./patches_50_meters/patch-2772-1848-2805-1881-#map_189258179.png#.png,map_189258179.png,"(2772, 1848, 2805, 1881)"
patch-3300-2277-3333-2310-#map_189258179.png#.png,boundary,./patches_50_meters/patch-3300-2277-3333-2310-#map_189258179.png#.png,map_189258179.png,"(3300, 2277, 3333, 2310)"
patch-363-3432-396-3465-#map_189258185.png#.png,boundary,./patches_50_meters/patch-363-3432-396-3465-#map_189258185.png#.png,map_189258185.png,"(363, 3432, 396, 3465)"
patch-429-363-462-396-#map_189258185.png#.png,no_boundary,./patches_50_meters/patch-429-363-462-396-#map_189258185.png#.png,map_189258185.png,"(429, 363, 462, 396)"
patch-627-627-660-660-#map_189258185.png#.png,no_boundary,./patches_50_meters/patch-627-627-660-660-#map_189258185.png#.png,map_189258185.png,"(627, 627, 660, 660)"
patch-891-1221-924-1254-#map_189258185.png#.png,no_boundary,./patches_50_meters/patch-891-1221-924-1254-#map_189258185.png#.png,map_189258185.png,"(891, 1221, 924, 1254)"
patch-1320-2211-1353-2244-#map_189258185.png#.png,no_boundary,./patches_50_meters/patch-1320-2211-1353-2244-#map_189258185.png#.png,map_189258185.png,"(1320, 2211, 1353, 2244)"
patch-1419-3498-1452-3531-#map_189258185.png#.png,boundary,./patches_50_meters/patch-1419-3498-1452-3531-#map_189258185.png#.png,map_189258185.png,"(1419, 3498, 1452, 3531)"
patch-1518-2574-1551-2607-#map_189258185.png#.png,no_boundary,./patches_50_meters/patch-1518-2574-1551-2607-#map_189258185.png#.png,map_189258185.png,"(1518, 2574, 1551, 2607)"
patch-1749-1683-1782-1716-#map_189258185.png#.png,boundary,./patches_50_meters/patch-1749-1683-1782-1716-#map_189258185.png#.png,map_189258185.png,"(1749, 1683, 1782, 1716)"
patch-2706-891-2739-924-#map_189258185.png#.png,boundary,./patches_50_meters/patch-2706-891-2739-924-#map_189258185.png#.png,map_189258185.png,"(2706, 891, 2739, 924)"
patch-2805-2772-2838-2805-#map_189258185.png#.png,boundary,./patches_50_meters/patch-2805-2772-2838-2805-#map_189258185.png#.png,map_189258185.png,"(2805, 2772, 2838, 2805)"
patch-3234-2145-3267-2178-#map_189258185.png#.png,boundary,./patches_50_meters/patch-3234-2145-3267-2178-#map_189258185.png#.png,map_189258185.png,"(3234, 2145, 3267, 2178)"
patch-3564-2244-3584-2277-#map_189258185.png#.png,no_boundary,./patches_50_meters/patch-3564-2244-3584-2277-#map_189258185.png#.png,map_189258185.png,"(3564, 2244, 3584, 2277)"
patch-165-1155-198-1188-#map_189258191.png#.png,no_boundary,./patches_50_meters/patch-165-1155-198-1188-#map_189258191.png#.png,map_189258191.png,"(165, 1155, 198, 1188)"
patch-363-2211-396-2244-#map_189258191.png#.png,boundary,./patches_50_meters/patch-363-2211-396-2244-#map_189258191.png#.png,map_189258191.png,"(363, 2211, 396, 2244)"
patch-528-2442-561-2475-#map_189258191.png#.png,boundary,./patches_50_meters/patch-528-2442-561-2475-#map_189258191.png#.png,map_189258191.png,"(528, 2442, 561, 2475)"
patch-693-1881-726-1914-#map_189258191.png#.png,boundary,./patches_50_meters/patch-693-1881-726-1914-#map_189258191.png#.png,map_189258191.png,"(693, 1881, 726, 1914)"
patch-1188-2508-1221-2541-#map_189258191.png#.png,boundary,./patches_50_meters/patch-1188-2508-1221-2541-#map_189258191.png#.png,map_189258191.png,"(1188, 2508, 1221, 2541)"
patch-1749-3036-1782-3069-#map_189258191.png#.png,no_boundary,./patches_50_meters/patch-1749-3036-1782-3069-#map_189258191.png#.png,map_189258191.png,"(1749, 3036, 1782, 3069)"
patch-1881-3135-1914-3168-#map_189258191.png#.png,no_boundary,./patches_50_meters/patch-1881-3135-1914-3168-#map_189258191.png#.png,map_189258191.png,"(1881, 3135, 1914, 3168)"
patch-2508-33-2541-66-#map_189258191.png#.png,boundary,./patches_50_meters/patch-2508-33-2541-66-#map_189258191.png#.png,map_189258191.png,"(2508, 33, 2541, 66)"
patch-2508-2673-2541-2706-#map_189258191.png#.png,no_boundary,./patches_50_meters/patch-2508-2673-2541-2706-#map_189258191.png#.png,map_189258191.png,"(2508, 2673, 2541, 2706)"
patch-2574-1056-2607-1089-#map_189258191.png#.png,boundary,./patches_50_meters/patch-2574-1056-2607-1089-#map_189258191.png#.png,map_189258191.png,"(2574, 1056, 2607, 1089)"
patch-3234-2013-3267-2046-#map_189258191.png#.png,no_boundary,./patches_50_meters/patch-3234-2013-3267-2046-#map_189258191.png#.png,map_189258191.png,"(3234, 2013, 3267, 2046)"
patch-3300-1452-3333-1485-#map_189258191.png#.png,no_boundary,./patches_50_meters/patch-3300-1452-3333-1485-#map_189258191.png#.png,map_189258191.png,"(3300, 1452, 3333, 1485)"
patch-3531-99-3564-132-#map_189258191.png#.png,boundary,./patches_50_meters/patch-3531-99-3564-132-#map_189258191.png#.png,map_189258191.png,"(3531, 99, 3564, 132)"
patch-231-660-264-693-#map_189258197.png#.png,boundary,./patches_50_meters/patch-231-660-264-693-#map_189258197.png#.png,map_189258197.png,"(231, 660, 264, 693)"
patch-396-1914-429-1947-#map_189258197.png#.png,no_boundary,./patches_50_meters/patch-396-1914-429-1947-#map_189258197.png#.png,map_189258197.png,"(396, 1914, 429, 1947)"
patch-561-2442-594-2475-#map_189258197.png#.png,no_boundary,./patches_50_meters/patch-561-2442-594-2475-#map_189258197.png#.png,map_189258197.png,"(561, 2442, 594, 2475)"
patch-1089-2640-1122-2673-#map_189258197.png#.png,no_boundary,./patches_50_meters/patch-1089-2640-1122-2673-#map_189258197.png#.png,map_189258197.png,"(1089, 2640, 1122, 2673)"
patch-1221-3333-1254-3366-#map_189258197.png#.png,boundary,./patches_50_meters/patch-1221-3333-1254-3366-#map_189258197.png#.png,map_189258197.png,"(1221, 3333, 1254, 3366)"
patch-1551-3102-1584-3135-#map_189258197.png#.png,boundary,./patches_50_meters/patch-1551-3102-1584-3135-#map_189258197.png#.png,map_189258197.png,"(1551, 3102, 1584, 3135)"
patch-2013-33-2046-66-#map_189258197.png#.png,no_boundary,./patches_50_meters/patch-2013-33-2046-66-#map_189258197.png#.png,map_189258197.png,"(2013, 33, 2046, 66)"
patch-2343-2970-2376-3003-#map_189258197.png#.png,no_boundary,./patches_50_meters/patch-2343-2970-2376-3003-#map_189258197.png#.png,map_189258197.png,"(2343, 2970, 2376, 3003)"
patch-2706-3465-2739-3498-#map_189258197.png#.png,no_boundary,./patches_50_meters/patch-2706-3465-2739-3498-#map_189258197.png#.png,map_189258197.png,"(2706, 3465, 2739, 3498)"
patch-3465-264-3498-297-#map_189258197.png#.png,boundary,./patches_50_meters/patch-3465-264-3498-297-#map_189258197.png#.png,map_189258197.png,"(3465, 264, 3498, 297)"
patch-3531-3498-3564-3531-#map_189258197.png#.png,boundary,./patches_50_meters/patch-3531-3498-3564-3531-#map_189258197.png#.png,map_189258197.png,"(3531, 3498, 3564, 3531)"
patch-429-1155-462-1188-#map_189258203.png#.png,boundary,./patches_50_meters/patch-429-1155-462-1188-#map_189258203.png#.png,map_189258203.png,"(429, 1155, 462, 1188)"
patch-792-3168-825-3201-#map_189258203.png#.png,no_boundary,./patches_50_meters/patch-792-3168-825-3201-#map_189258203.png#.png,map_189258203.png,"(792, 3168, 825, 3201)"
patch-825-2046-858-2079-#map_189258203.png#.png,boundary,./patches_50_meters/patch-825-2046-858-2079-#map_189258203.png#.png,map_189258203.png,"(825, 2046, 858, 2079)"
patch-1287-2937-1320-2970-#map_189258203.png#.png,no_boundary,./patches_50_meters/patch-1287-2937-1320-2970-#map_189258203.png#.png,map_189258203.png,"(1287, 2937, 1320, 2970)"
patch-2409-1980-2442-2013-#map_189258203.png#.png,boundary,./patches_50_meters/patch-2409-1980-2442-2013-#map_189258203.png#.png,map_189258203.png,"(2409, 1980, 2442, 2013)"
patch-33-363-66-396-#map_189258215.png#.png,no_boundary,./patches_50_meters/patch-33-363-66-396-#map_189258215.png#.png,map_189258215.png,"(33, 363, 66, 396)"
patch-99-1287-132-1320-#map_189258215.png#.png,boundary,./patches_50_meters/patch-99-1287-132-1320-#map_189258215.png#.png,map_189258215.png,"(99, 1287, 132, 1320)"
patch-429-1683-462-1716-#map_189258215.png#.png,boundary,./patches_50_meters/patch-429-1683-462-1716-#map_189258215.png#.png,map_189258215.png,"(429, 1683, 462, 1716)"
patch-1353-132-1386-165-#map_189258215.png#.png,boundary,./patches_50_meters/patch-1353-132-1386-165-#map_189258215.png#.png,map_189258215.png,"(1353, 132, 1386, 165)"
patch-2541-1452-2574-1485-#map_189258215.png#.png,no_boundary,./patches_50_meters/patch-2541-1452-2574-1485-#map_189258215.png#.png,map_189258215.png,"(2541, 1452, 2574, 1485)"
patch-3102-528-3135-561-#map_189258215.png#.png,boundary,./patches_50_meters/patch-3102-528-3135-561-#map_189258215.png#.png,map_189258215.png,"(3102, 528, 3135, 561)"
patch-3234-3267-3267-3300-#map_189258215.png#.png,boundary,./patches_50_meters/patch-3234-3267-3267-3300-#map_189258215.png#.png,map_189258215.png,"(3234, 3267, 3267, 3300)"
patch-396-3036-429-3069-#map_189258221.png#.png,boundary,./patches_50_meters/patch-396-3036-429-3069-#map_189258221.png#.png,map_189258221.png,"(396, 3036, 429, 3069)"
patch-792-3564-825-3584-#map_189258221.png#.png,no_boundary,./patches_50_meters/patch-792-3564-825-3584-#map_189258221.png#.png,map_189258221.png,"(792, 3564, 825, 3584)"
patch-858-2508-891-2541-#map_189258221.png#.png,no_boundary,./patches_50_meters/patch-858-2508-891-2541-#map_189258221.png#.png,map_189258221.png,"(858, 2508, 891, 2541)"
patch-891-3069-924-3102-#map_189258221.png#.png,boundary,./patches_50_meters/patch-891-3069-924-3102-#map_189258221.png#.png,map_189258221.png,"(891, 3069, 924, 3102)"
patch-924-825-957-858-#map_189258221.png#.png,boundary,./patches_50_meters/patch-924-825-957-858-#map_189258221.png#.png,map_189258221.png,"(924, 825, 957, 858)"
patch-990-1221-1023-1254-#map_189258221.png#.png,no_boundary,./patches_50_meters/patch-990-1221-1023-1254-#map_189258221.png#.png,map_189258221.png,"(990, 1221, 1023, 1254)"
patch-1320-2541-1353-2574-#map_189258221.png#.png,no_boundary,./patches_50_meters/patch-1320-2541-1353-2574-#map_189258221.png#.png,map_189258221.png,"(1320, 2541, 1353, 2574)"
patch-1617-3399-1650-3432-#map_189258221.png#.png,no_boundary,./patches_50_meters/patch-1617-3399-1650-3432-#map_189258221.png#.png,map_189258221.png,"(1617, 3399, 1650, 3432)"
patch-1683-2145-1716-2178-#map_189258221.png#.png,no_boundary,./patches_50_meters/patch-1683-2145-1716-2178-#map_189258221.png#.png,map_189258221.png,"(1683, 2145, 1716, 2178)"
patch-1881-2079-1914-2112-#map_189258221.png#.png,boundary,./patches_50_meters/patch-1881-2079-1914-2112-#map_189258221.png#.png,map_189258221.png,"(1881, 2079, 1914, 2112)"
patch-2937-2343-2970-2376-#map_189258221.png#.png,boundary,./patches_50_meters/patch-2937-2343-2970-2376-#map_189258221.png#.png,map_189258221.png,"(2937, 2343, 2970, 2376)"
patch-3003-2343-3036-2376-#map_189258221.png#.png,no_boundary,./patches_50_meters/patch-3003-2343-3036-2376-#map_189258221.png#.png,map_189258221.png,"(3003, 2343, 3036, 2376)"
patch-3234-3102-3267-3135-#map_189258221.png#.png,boundary,./patches_50_meters/patch-3234-3102-3267-3135-#map_189258221.png#.png,map_189258221.png,"(3234, 3102, 3267, 3135)"
patch-3300-33-3333-66-#map_189258221.png#.png,no_boundary,./patches_50_meters/patch-3300-33-3333-66-#map_189258221.png#.png,map_189258221.png,"(3300, 33, 3333, 66)"
patch-429-1980-462-2013-#map_189258500.png#.png,no_boundary,./patches_50_meters/patch-429-1980-462-2013-#map_189258500.png#.png,map_189258500.png,"(429, 1980, 462, 2013)"
patch-1056-1947-1089-1980-#map_189258500.png#.png,no_boundary,./patches_50_meters/patch-1056-1947-1089-1980-#map_189258500.png#.png,map_189258500.png,"(1056, 1947, 1089, 1980)"
patch-1221-1650-1254-1683-#map_189258500.png#.png,no_boundary,./patches_50_meters/patch-1221-1650-1254-1683-#map_189258500.png#.png,map_189258500.png,"(1221, 1650, 1254, 1683)"
patch-1221-1815-1254-1848-#map_189258500.png#.png,no_boundary,./patches_50_meters/patch-1221-1815-1254-1848-#map_189258500.png#.png,map_189258500.png,"(1221, 1815, 1254, 1848)"
patch-1914-3366-1947-3399-#map_189258500.png#.png,no_boundary,./patches_50_meters/patch-1914-3366-1947-3399-#map_189258500.png#.png,map_189258500.png,"(1914, 3366, 1947, 3399)"
patch-1947-759-1980-792-#map_189258500.png#.png,boundary,./patches_50_meters/patch-1947-759-1980-792-#map_189258500.png#.png,map_189258500.png,"(1947, 759, 1980, 792)"
patch-1947-2937-1980-2970-#map_189258500.png#.png,no_boundary,./patches_50_meters/patch-1947-2937-1980-2970-#map_189258500.png#.png,map_189258500.png,"(1947, 2937, 1980, 2970)"
patch-2112-2211-2145-2244-#map_189258500.png#.png,no_boundary,./patches_50_meters/patch-2112-2211-2145-2244-#map_189258500.png#.png,map_189258500.png,"(2112, 2211, 2145, 2244)"
patch-2574-1056-2607-1089-#map_189258500.png#.png,boundary,./patches_50_meters/patch-2574-1056-2607-1089-#map_189258500.png#.png,map_189258500.png,"(2574, 1056, 2607, 1089)"
patch-165-1551-198-1584-#map_189258509.png#.png,no_boundary,./patches_50_meters/patch-165-1551-198-1584-#map_189258509.png#.png,map_189258509.png,"(165, 1551, 198, 1584)"
patch-1518-1914-1551-1947-#map_189258509.png#.png,no_boundary,./patches_50_meters/patch-1518-1914-1551-1947-#map_189258509.png#.png,map_189258509.png,"(1518, 1914, 1551, 1947)"
patch-2244-198-2277-231-#map_189258509.png#.png,no_boundary,./patches_50_meters/patch-2244-198-2277-231-#map_189258509.png#.png,map_189258509.png,"(2244, 198, 2277, 231)"
patch-3102-825-3135-858-#map_189258509.png#.png,no_boundary,./patches_50_meters/patch-3102-825-3135-858-#map_189258509.png#.png,map_189258509.png,"(3102, 825, 3135, 858)"
patch-3102-3432-3135-3465-#map_189258509.png#.png,boundary,./patches_50_meters/patch-3102-3432-3135-3465-#map_189258509.png#.png,map_189258509.png,"(3102, 3432, 3135, 3465)"
patch-3234-3498-3267-3531-#map_189258509.png#.png,no_boundary,./patches_50_meters/patch-3234-3498-3267-3531-#map_189258509.png#.png,map_189258509.png,"(3234, 3498, 3267, 3531)"
patch-3696-3135-3729-3168-#map_189258509.png#.png,no_boundary,./patches_50_meters/patch-3696-3135-3729-3168-#map_189258509.png#.png,map_189258509.png,"(3696, 3135, 3729, 3168)"
patch-1122-2442-1155-2475-#map_189258524.png#.png,no_boundary,./patches_50_meters/patch-1122-2442-1155-2475-#map_189258524.png#.png,map_189258524.png,"(1122, 2442, 1155, 2475)"
patch-1287-3135-1320-3168-#map_189258524.png#.png,no_boundary,./patches_50_meters/patch-1287-3135-1320-3168-#map_189258524.png#.png,map_189258524.png,"(1287, 3135, 1320, 3168)"
patch-1716-2574-1749-2607-#map_189258524.png#.png,no_boundary,./patches_50_meters/patch-1716-2574-1749-2607-#map_189258524.png#.png,map_189258524.png,"(1716, 2574, 1749, 2607)"
patch-2112-1848-2145-1881-#map_189258524.png#.png,no_boundary,./patches_50_meters/patch-2112-1848-2145-1881-#map_189258524.png#.png,map_189258524.png,"(2112, 1848, 2145, 1881)"
patch-2838-3762-2871-3795-#map_189258524.png#.png,no_boundary,./patches_50_meters/patch-2838-3762-2871-3795-#map_189258524.png#.png,map_189258524.png,"(2838, 3762, 2871, 3795)"
patch-3234-297-3267-330-#map_189258524.png#.png,no_boundary,./patches_50_meters/patch-3234-297-3267-330-#map_189258524.png#.png,map_189258524.png,"(3234, 297, 3267, 330)"
patch-3300-3399-3333-3432-#map_189258524.png#.png,no_boundary,./patches_50_meters/patch-3300-3399-3333-3432-#map_189258524.png#.png,map_189258524.png,"(3300, 3399, 3333, 3432)"
patch-132-3234-165-3267-#map_189258557.png#.png,no_boundary,./patches_50_meters/patch-132-3234-165-3267-#map_189258557.png#.png,map_189258557.png,"(132, 3234, 165, 3267)"
patch-198-1419-231-1452-#map_189258557.png#.png,boundary,./patches_50_meters/patch-198-1419-231-1452-#map_189258557.png#.png,map_189258557.png,"(198, 1419, 231, 1452)"
patch-264-1221-297-1254-#map_189258557.png#.png,boundary,./patches_50_meters/patch-264-1221-297-1254-#map_189258557.png#.png,map_189258557.png,"(264, 1221, 297, 1254)"
patch-660-3267-693-3300-#map_189258557.png#.png,boundary,./patches_50_meters/patch-660-3267-693-3300-#map_189258557.png#.png,map_189258557.png,"(660, 3267, 693, 3300)"
patch-825-1650-858-1683-#map_189258557.png#.png,no_boundary,./patches_50_meters/patch-825-1650-858-1683-#map_189258557.png#.png,map_189258557.png,"(825, 1650, 858, 1683)"
patch-990-3102-1023-3135-#map_189258557.png#.png,boundary,./patches_50_meters/patch-990-3102-1023-3135-#map_189258557.png#.png,map_189258557.png,"(990, 3102, 1023, 3135)"
patch-1716-2244-1749-2277-#map_189258557.png#.png,boundary,./patches_50_meters/patch-1716-2244-1749-2277-#map_189258557.png#.png,map_189258557.png,"(1716, 2244, 1749, 2277)"
patch-2013-2607-2046-2640-#map_189258557.png#.png,no_boundary,./patches_50_meters/patch-2013-2607-2046-2640-#map_189258557.png#.png,map_189258557.png,"(2013, 2607, 2046, 2640)"
patch-2277-2112-2310-2145-#map_189258557.png#.png,boundary,./patches_50_meters/patch-2277-2112-2310-2145-#map_189258557.png#.png,map_189258557.png,"(2277, 2112, 2310, 2145)"
patch-2310-3663-2343-3696-#map_189258557.png#.png,no_boundary,./patches_50_meters/patch-2310-3663-2343-3696-#map_189258557.png#.png,map_189258557.png,"(2310, 3663, 2343, 3696)"
patch-2343-2145-2376-2178-#map_189258557.png#.png,no_boundary,./patches_50_meters/patch-2343-2145-2376-2178-#map_189258557.png#.png,map_189258557.png,"(2343, 2145, 2376, 2178)"
patch-3234-2574-3267-2607-#map_189258557.png#.png,no_boundary,./patches_50_meters/patch-3234-2574-3267-2607-#map_189258557.png#.png,map_189258557.png,"(3234, 2574, 3267, 2607)"
patch-3300-3729-3333-3762-#map_189258557.png#.png,no_boundary,./patches_50_meters/patch-3300-3729-3333-3762-#map_189258557.png#.png,map_189258557.png,"(3300, 3729, 3333, 3762)"
patch-957-3465-990-3498-#map_189258566.png#.png,boundary,./patches_50_meters/patch-957-3465-990-3498-#map_189258566.png#.png,map_189258566.png,"(957, 3465, 990, 3498)"
patch-1287-264-1320-297-#map_189258566.png#.png,boundary,./patches_50_meters/patch-1287-264-1320-297-#map_189258566.png#.png,map_189258566.png,"(1287, 264, 1320, 297)"
patch-1683-3069-1716-3102-#map_189258566.png#.png,boundary,./patches_50_meters/patch-1683-3069-1716-3102-#map_189258566.png#.png,map_189258566.png,"(1683, 3069, 1716, 3102)"
patch-1782-165-1815-198-#map_189258566.png#.png,no_boundary,./patches_50_meters/patch-1782-165-1815-198-#map_189258566.png#.png,map_189258566.png,"(1782, 165, 1815, 198)"
patch-3333-2244-3366-2277-#map_189258566.png#.png,boundary,./patches_50_meters/patch-3333-2244-3366-2277-#map_189258566.png#.png,map_189258566.png,"(3333, 2244, 3366, 2277)"
patch-627-1155-660-1188-#map_189258908.png#.png,no_boundary,./patches_50_meters/patch-627-1155-660-1188-#map_189258908.png#.png,map_189258908.png,"(627, 1155, 660, 1188)"
patch-1122-3300-1155-3333-#map_189258908.png#.png,no_boundary,./patches_50_meters/patch-1122-3300-1155-3333-#map_189258908.png#.png,map_189258908.png,"(1122, 3300, 1155, 3333)"
patch-1683-924-1716-957-#map_189258908.png#.png,boundary,./patches_50_meters/patch-1683-924-1716-957-#map_189258908.png#.png,map_189258908.png,"(1683, 924, 1716, 957)"
patch-1881-1254-1914-1287-#map_189258908.png#.png,no_boundary,./patches_50_meters/patch-1881-1254-1914-1287-#map_189258908.png#.png,map_189258908.png,"(1881, 1254, 1914, 1287)"
patch-2310-1056-2343-1089-#map_189258908.png#.png,no_boundary,./patches_50_meters/patch-2310-1056-2343-1089-#map_189258908.png#.png,map_189258908.png,"(2310, 1056, 2343, 1089)"
patch-2409-3564-2442-3584-#map_189258908.png#.png,no_boundary,./patches_50_meters/patch-2409-3564-2442-3584-#map_189258908.png#.png,map_189258908.png,"(2409, 3564, 2442, 3584)"
patch-2640-2409-2673-2442-#map_189258908.png#.png,no_boundary,./patches_50_meters/patch-2640-2409-2673-2442-#map_189258908.png#.png,map_189258908.png,"(2640, 2409, 2673, 2442)"
patch-2937-3465-2970-3498-#map_189258908.png#.png,no_boundary,./patches_50_meters/patch-2937-3465-2970-3498-#map_189258908.png#.png,map_189258908.png,"(2937, 3465, 2970, 3498)"
patch-0-1485-33-1518-#map_189258920.png#.png,boundary,./patches_50_meters/patch-0-1485-33-1518-#map_189258920.png#.png,map_189258920.png,"(0, 1485, 33, 1518)"
patch-33-297-66-330-#map_189258920.png#.png,no_boundary,./patches_50_meters/patch-33-297-66-330-#map_189258920.png#.png,map_189258920.png,"(33, 297, 66, 330)"
patch-825-2607-858-2640-#map_189258920.png#.png,no_boundary,./patches_50_meters/patch-825-2607-858-2640-#map_189258920.png#.png,map_189258920.png,"(825, 2607, 858, 2640)"
patch-1782-1353-1815-1386-#map_189258920.png#.png,boundary,./patches_50_meters/patch-1782-1353-1815-1386-#map_189258920.png#.png,map_189258920.png,"(1782, 1353, 1815, 1386)"
patch-2013-2607-2046-2640-#map_189258920.png#.png,no_boundary,./patches_50_meters/patch-2013-2607-2046-2640-#map_189258920.png#.png,map_189258920.png,"(2013, 2607, 2046, 2640)"
patch-2442-1749-2475-1782-#map_189258920.png#.png,no_boundary,./patches_50_meters/patch-2442-1749-2475-1782-#map_189258920.png#.png,map_189258920.png,"(2442, 1749, 2475, 1782)"
patch-3234-1650-3267-1683-#map_189258920.png#.png,no_boundary,./patches_50_meters/patch-3234-1650-3267-1683-#map_189258920.png#.png,map_189258920.png,"(3234, 1650, 3267, 1683)"
patch-3267-3267-3300-3300-#map_189258920.png#.png,no_boundary,./patches_50_meters/patch-3267-3267-3300-3300-#map_189258920.png#.png,map_189258920.png,"(3267, 3267, 3300, 3300)"
patch-3531-2673-3564-2706-#map_189258920.png#.png,no_boundary,./patches_50_meters/patch-3531-2673-3564-2706-#map_189258920.png#.png,map_189258920.png,"(3531, 2673, 3564, 2706)"
patch-3762-3234-3795-3267-#map_189258920.png#.png,no_boundary,./patches_50_meters/patch-3762-3234-3795-3267-#map_189258920.png#.png,map_189258920.png,"(3762, 3234, 3795, 3267)"
patch-3795-1749-3828-1782-#map_189258920.png#.png,no_boundary,./patches_50_meters/patch-3795-1749-3828-1782-#map_189258920.png#.png,map_189258920.png,"(3795, 1749, 3828, 1782)"
patch-0-2904-33-2937-#map_189258926.png#.png,boundary,./patches_50_meters/patch-0-2904-33-2937-#map_189258926.png#.png,map_189258926.png,"(0, 2904, 33, 2937)"
patch-99-693-132-726-#map_189258926.png#.png,boundary,./patches_50_meters/patch-99-693-132-726-#map_189258926.png#.png,map_189258926.png,"(99, 693, 132, 726)"
patch-99-2079-132-2112-#map_189258926.png#.png,boundary,./patches_50_meters/patch-99-2079-132-2112-#map_189258926.png#.png,map_189258926.png,"(99, 2079, 132, 2112)"
patch-264-693-297-726-#map_189258926.png#.png,no_boundary,./patches_50_meters/patch-264-693-297-726-#map_189258926.png#.png,map_189258926.png,"(264, 693, 297, 726)"
patch-891-3069-924-3102-#map_189258926.png#.png,no_boundary,./patches_50_meters/patch-891-3069-924-3102-#map_189258926.png#.png,map_189258926.png,"(891, 3069, 924, 3102)"
patch-1749-2013-1782-2046-#map_189258926.png#.png,boundary,./patches_50_meters/patch-1749-2013-1782-2046-#map_189258926.png#.png,map_189258926.png,"(1749, 2013, 1782, 2046)"
patch-2013-2178-2046-2211-#map_189258926.png#.png,boundary,./patches_50_meters/patch-2013-2178-2046-2211-#map_189258926.png#.png,map_189258926.png,"(2013, 2178, 2046, 2211)"
patch-2838-1947-2871-1980-#map_189258926.png#.png,boundary,./patches_50_meters/patch-2838-1947-2871-1980-#map_189258926.png#.png,map_189258926.png,"(2838, 1947, 2871, 1980)"
patch-3135-1056-3168-1089-#map_189258926.png#.png,no_boundary,./patches_50_meters/patch-3135-1056-3168-1089-#map_189258926.png#.png,map_189258926.png,"(3135, 1056, 3168, 1089)"
patch-3135-2574-3168-2607-#map_189258926.png#.png,no_boundary,./patches_50_meters/patch-3135-2574-3168-2607-#map_189258926.png#.png,map_189258926.png,"(3135, 2574, 3168, 2607)"
patch-3498-33-3531-66-#map_189258926.png#.png,boundary,./patches_50_meters/patch-3498-33-3531-66-#map_189258926.png#.png,map_189258926.png,"(3498, 33, 3531, 66)"
patch-3564-3201-3584-3234-#map_189258926.png#.png,no_boundary,./patches_50_meters/patch-3564-3201-3584-3234-#map_189258926.png#.png,map_189258926.png,"(3564, 3201, 3584, 3234)"
patch-0-1980-33-2013-#map_189258935.png#.png,no_boundary,./patches_50_meters/patch-0-1980-33-2013-#map_189258935.png#.png,map_189258935.png,"(0, 1980, 33, 2013)"
patch-1419-3729-1452-3762-#map_189258935.png#.png,no_boundary,./patches_50_meters/patch-1419-3729-1452-3762-#map_189258935.png#.png,map_189258935.png,"(1419, 3729, 1452, 3762)"
patch-1518-1716-1551-1749-#map_189258935.png#.png,boundary,./patches_50_meters/patch-1518-1716-1551-1749-#map_189258935.png#.png,map_189258935.png,"(1518, 1716, 1551, 1749)"
patch-2112-1155-2145-1188-#map_189258935.png#.png,no_boundary,./patches_50_meters/patch-2112-1155-2145-1188-#map_189258935.png#.png,map_189258935.png,"(2112, 1155, 2145, 1188)"
patch-2277-792-2310-825-#map_189258935.png#.png,boundary,./patches_50_meters/patch-2277-792-2310-825-#map_189258935.png#.png,map_189258935.png,"(2277, 792, 2310, 825)"
patch-2607-627-2640-660-#map_189258935.png#.png,boundary,./patches_50_meters/patch-2607-627-2640-660-#map_189258935.png#.png,map_189258935.png,"(2607, 627, 2640, 660)"
patch-2937-1716-2970-1749-#map_189258935.png#.png,boundary,./patches_50_meters/patch-2937-1716-2970-1749-#map_189258935.png#.png,map_189258935.png,"(2937, 1716, 2970, 1749)"
patch-3564-2244-3584-2277-#map_189258935.png#.png,no_boundary,./patches_50_meters/patch-3564-2244-3584-2277-#map_189258935.png#.png,map_189258935.png,"(3564, 2244, 3584, 2277)"
patch-825-1584-858-1617-#map_189258941.png#.png,boundary,./patches_50_meters/patch-825-1584-858-1617-#map_189258941.png#.png,map_189258941.png,"(825, 1584, 858, 1617)"
patch-1023-3267-1056-3300-#map_189258941.png#.png,no_boundary,./patches_50_meters/patch-1023-3267-1056-3300-#map_189258941.png#.png,map_189258941.png,"(1023, 3267, 1056, 3300)"
patch-1386-2508-1419-2541-#map_189258941.png#.png,boundary,./patches_50_meters/patch-1386-2508-1419-2541-#map_189258941.png#.png,map_189258941.png,"(1386, 2508, 1419, 2541)"
patch-1419-2211-1452-2244-#map_189258941.png#.png,boundary,./patches_50_meters/patch-1419-2211-1452-2244-#map_189258941.png#.png,map_189258941.png,"(1419, 2211, 1452, 2244)"
patch-2277-495-2310-528-#map_189258941.png#.png,no_boundary,./patches_50_meters/patch-2277-495-2310-528-#map_189258941.png#.png,map_189258941.png,"(2277, 495, 2310, 528)"
patch-3069-2112-3102-2145-#map_189258941.png#.png,boundary,./patches_50_meters/patch-3069-2112-3102-2145-#map_189258941.png#.png,map_189258941.png,"(3069, 2112, 3102, 2145)"
patch-3465-693-3498-726-#map_189258941.png#.png,no_boundary,./patches_50_meters/patch-3465-693-3498-726-#map_189258941.png#.png,map_189258941.png,"(3465, 693, 3498, 726)"
patch-561-2607-594-2640-#map_189258947.png#.png,no_boundary,./patches_50_meters/patch-561-2607-594-2640-#map_189258947.png#.png,map_189258947.png,"(561, 2607, 594, 2640)"
patch-825-528-858-561-#map_189258947.png#.png,no_boundary,./patches_50_meters/patch-825-528-858-561-#map_189258947.png#.png,map_189258947.png,"(825, 528, 858, 561)"
patch-924-2739-957-2772-#map_189258947.png#.png,no_boundary,./patches_50_meters/patch-924-2739-957-2772-#map_189258947.png#.png,map_189258947.png,"(924, 2739, 957, 2772)"
patch-2409-1650-2442-1683-#map_189258947.png#.png,no_boundary,./patches_50_meters/patch-2409-1650-2442-1683-#map_189258947.png#.png,map_189258947.png,"(2409, 1650, 2442, 1683)"
patch-2442-1320-2475-1353-#map_189258947.png#.png,boundary,./patches_50_meters/patch-2442-1320-2475-1353-#map_189258947.png#.png,map_189258947.png,"(2442, 1320, 2475, 1353)"
patch-2508-1551-2541-1584-#map_189258947.png#.png,boundary,./patches_50_meters/patch-2508-1551-2541-1584-#map_189258947.png#.png,map_189258947.png,"(2508, 1551, 2541, 1584)"
patch-3135-1023-3168-1056-#map_189258947.png#.png,no_boundary,./patches_50_meters/patch-3135-1023-3168-1056-#map_189258947.png#.png,map_189258947.png,"(3135, 1023, 3168, 1056)"
patch-3201-660-3234-693-#map_189258947.png#.png,boundary,./patches_50_meters/patch-3201-660-3234-693-#map_189258947.png#.png,map_189258947.png,"(3201, 660, 3234, 693)"
patch-3333-3498-3366-3531-#map_189258947.png#.png,no_boundary,./patches_50_meters/patch-3333-3498-3366-3531-#map_189258947.png#.png,map_189258947.png,"(3333, 3498, 3366, 3531)"
patch-759-165-792-198-#map_189259316.png#.png,no_boundary,./patches_50_meters/patch-759-165-792-198-#map_189259316.png#.png,map_189259316.png,"(759, 165, 792, 198)"
patch-1122-3168-1155-3201-#map_189259316.png#.png,no_boundary,./patches_50_meters/patch-1122-3168-1155-3201-#map_189259316.png#.png,map_189259316.png,"(1122, 3168, 1155, 3201)"
patch-1485-2145-1518-2178-#map_189259316.png#.png,no_boundary,./patches_50_meters/patch-1485-2145-1518-2178-#map_189259316.png#.png,map_189259316.png,"(1485, 2145, 1518, 2178)"
patch-1980-3498-2013-3531-#map_189259316.png#.png,no_boundary,./patches_50_meters/patch-1980-3498-2013-3531-#map_189259316.png#.png,map_189259316.png,"(1980, 3498, 2013, 3531)"
patch-2211-2541-2244-2574-#map_189259316.png#.png,boundary,./patches_50_meters/patch-2211-2541-2244-2574-#map_189259316.png#.png,map_189259316.png,"(2211, 2541, 2244, 2574)"
patch-2376-2475-2409-2508-#map_189259316.png#.png,no_boundary,./patches_50_meters/patch-2376-2475-2409-2508-#map_189259316.png#.png,map_189259316.png,"(2376, 2475, 2409, 2508)"
patch-2475-2640-2508-2673-#map_189259316.png#.png,no_boundary,./patches_50_meters/patch-2475-2640-2508-2673-#map_189259316.png#.png,map_189259316.png,"(2475, 2640, 2508, 2673)"
patch-3069-1023-3102-1056-#map_189259316.png#.png,boundary,./patches_50_meters/patch-3069-1023-3102-1056-#map_189259316.png#.png,map_189259316.png,"(3069, 1023, 3102, 1056)"
patch-3201-3102-3234-3135-#map_189259316.png#.png,boundary,./patches_50_meters/patch-3201-3102-3234-3135-#map_189259316.png#.png,map_189259316.png,"(3201, 3102, 3234, 3135)"
patch-3366-2871-3399-2904-#map_189259316.png#.png,no_boundary,./patches_50_meters/patch-3366-2871-3399-2904-#map_189259316.png#.png,map_189259316.png,"(3366, 2871, 3399, 2904)"
patch-33-3102-66-3135-#map_189259328.png#.png,no_boundary,./patches_50_meters/patch-33-3102-66-3135-#map_189259328.png#.png,map_189259328.png,"(33, 3102, 66, 3135)"
patch-330-1683-363-1716-#map_189259328.png#.png,boundary,./patches_50_meters/patch-330-1683-363-1716-#map_189259328.png#.png,map_189259328.png,"(330, 1683, 363, 1716)"
patch-825-396-858-429-#map_189259328.png#.png,no_boundary,./patches_50_meters/patch-825-396-858-429-#map_189259328.png#.png,map_189259328.png,"(825, 396, 858, 429)"
patch-1881-1188-1914-1221-#map_189259328.png#.png,no_boundary,./patches_50_meters/patch-1881-1188-1914-1221-#map_189259328.png#.png,map_189259328.png,"(1881, 1188, 1914, 1221)"
patch-1947-3531-1980-3564-#map_189259328.png#.png,no_boundary,./patches_50_meters/patch-1947-3531-1980-3564-#map_189259328.png#.png,map_189259328.png,"(1947, 3531, 1980, 3564)"
patch-2145-2343-2178-2376-#map_189259328.png#.png,no_boundary,./patches_50_meters/patch-2145-2343-2178-2376-#map_189259328.png#.png,map_189259328.png,"(2145, 2343, 2178, 2376)"
patch-2277-3003-2310-3036-#map_189259328.png#.png,boundary,./patches_50_meters/patch-2277-3003-2310-3036-#map_189259328.png#.png,map_189259328.png,"(2277, 3003, 2310, 3036)"
patch-2376-330-2409-363-#map_189259328.png#.png,no_boundary,./patches_50_meters/patch-2376-330-2409-363-#map_189259328.png#.png,map_189259328.png,"(2376, 330, 2409, 363)"
patch-3564-396-3584-429-#map_189259328.png#.png,no_boundary,./patches_50_meters/patch-3564-396-3584-429-#map_189259328.png#.png,map_189259328.png,"(3564, 396, 3584, 429)"
patch-99-2640-132-2673-#map_189259340.png#.png,no_boundary,./patches_50_meters/patch-99-2640-132-2673-#map_189259340.png#.png,map_189259340.png,"(99, 2640, 132, 2673)"
patch-165-2937-198-2970-#map_189259340.png#.png,no_boundary,./patches_50_meters/patch-165-2937-198-2970-#map_189259340.png#.png,map_189259340.png,"(165, 2937, 198, 2970)"
patch-231-396-264-429-#map_189259340.png#.png,no_boundary,./patches_50_meters/patch-231-396-264-429-#map_189259340.png#.png,map_189259340.png,"(231, 396, 264, 429)"
patch-330-2739-363-2772-#map_189259340.png#.png,no_boundary,./patches_50_meters/patch-330-2739-363-2772-#map_189259340.png#.png,map_189259340.png,"(330, 2739, 363, 2772)"
patch-462-66-495-99-#map_189259340.png#.png,no_boundary,./patches_50_meters/patch-462-66-495-99-#map_189259340.png#.png,map_189259340.png,"(462, 66, 495, 99)"
patch-462-3531-495-3564-#map_189259340.png#.png,no_boundary,./patches_50_meters/patch-462-3531-495-3564-#map_189259340.png#.png,map_189259340.png,"(462, 3531, 495, 3564)"
patch-660-1716-693-1749-#map_189259340.png#.png,no_boundary,./patches_50_meters/patch-660-1716-693-1749-#map_189259340.png#.png,map_189259340.png,"(660, 1716, 693, 1749)"
patch-957-1056-990-1089-#map_189259340.png#.png,no_boundary,./patches_50_meters/patch-957-1056-990-1089-#map_189259340.png#.png,map_189259340.png,"(957, 1056, 990, 1089)"
patch-1254-2277-1287-2310-#map_189259340.png#.png,no_boundary,./patches_50_meters/patch-1254-2277-1287-2310-#map_189259340.png#.png,map_189259340.png,"(1254, 2277, 1287, 2310)"
patch-1617-99-1650-132-#map_189259340.png#.png,no_boundary,./patches_50_meters/patch-1617-99-1650-132-#map_189259340.png#.png,map_189259340.png,"(1617, 99, 1650, 132)"
patch-1650-924-1683-957-#map_189259340.png#.png,no_boundary,./patches_50_meters/patch-1650-924-1683-957-#map_189259340.png#.png,map_189259340.png,"(1650, 924, 1683, 957)"
patch-1980-1650-2013-1683-#map_189259340.png#.png,no_boundary,./patches_50_meters/patch-1980-1650-2013-1683-#map_189259340.png#.png,map_189259340.png,"(1980, 1650, 2013, 1683)"
patch-2640-1518-2673-1551-#map_189259340.png#.png,no_boundary,./patches_50_meters/patch-2640-1518-2673-1551-#map_189259340.png#.png,map_189259340.png,"(2640, 1518, 2673, 1551)"
patch-2772-1947-2805-1980-#map_189259340.png#.png,boundary,./patches_50_meters/patch-2772-1947-2805-1980-#map_189259340.png#.png,map_189259340.png,"(2772, 1947, 2805, 1980)"
patch-858-33-891-66-#map_189259349.png#.png,no_boundary,./patches_50_meters/patch-858-33-891-66-#map_189259349.png#.png,map_189259349.png,"(858, 33, 891, 66)"
patch-1122-1485-1155-1518-#map_189259349.png#.png,no_boundary,./patches_50_meters/patch-1122-1485-1155-1518-#map_189259349.png#.png,map_189259349.png,"(1122, 1485, 1155, 1518)"
patch-1485-2112-1518-2145-#map_189259349.png#.png,no_boundary,./patches_50_meters/patch-1485-2112-1518-2145-#map_189259349.png#.png,map_189259349.png,"(1485, 2112, 1518, 2145)"
patch-1551-1254-1584-1287-#map_189259349.png#.png,boundary,./patches_50_meters/patch-1551-1254-1584-1287-#map_189259349.png#.png,map_189259349.png,"(1551, 1254, 1584, 1287)"
patch-1782-33-1815-66-#map_189259349.png#.png,no_boundary,./patches_50_meters/patch-1782-33-1815-66-#map_189259349.png#.png,map_189259349.png,"(1782, 33, 1815, 66)"
patch-2079-3003-2112-3036-#map_189259349.png#.png,no_boundary,./patches_50_meters/patch-2079-3003-2112-3036-#map_189259349.png#.png,map_189259349.png,"(2079, 3003, 2112, 3036)"
patch-2145-1320-2178-1353-#map_189259349.png#.png,no_boundary,./patches_50_meters/patch-2145-1320-2178-1353-#map_189259349.png#.png,map_189259349.png,"(2145, 1320, 2178, 1353)"
patch-2211-825-2244-858-#map_189259349.png#.png,no_boundary,./patches_50_meters/patch-2211-825-2244-858-#map_189259349.png#.png,map_189259349.png,"(2211, 825, 2244, 858)"
patch-2673-660-2706-693-#map_189259349.png#.png,no_boundary,./patches_50_meters/patch-2673-660-2706-693-#map_189259349.png#.png,map_189259349.png,"(2673, 660, 2706, 693)"
patch-2904-1023-2937-1056-#map_189259349.png#.png,boundary,./patches_50_meters/patch-2904-1023-2937-1056-#map_189259349.png#.png,map_189259349.png,"(2904, 1023, 2937, 1056)"
patch-2970-1254-3003-1287-#map_189259349.png#.png,no_boundary,./patches_50_meters/patch-2970-1254-3003-1287-#map_189259349.png#.png,map_189259349.png,"(2970, 1254, 3003, 1287)"
patch-66-396-99-429-#map_189259358.png#.png,no_boundary,./patches_50_meters/patch-66-396-99-429-#map_189259358.png#.png,map_189259358.png,"(66, 396, 99, 429)"
patch-726-2145-759-2178-#map_189259358.png#.png,boundary,./patches_50_meters/patch-726-2145-759-2178-#map_189259358.png#.png,map_189259358.png,"(726, 2145, 759, 2178)"
patch-1023-2640-1056-2673-#map_189259358.png#.png,no_boundary,./patches_50_meters/patch-1023-2640-1056-2673-#map_189259358.png#.png,map_189259358.png,"(1023, 2640, 1056, 2673)"
patch-1551-3069-1584-3102-#map_189259358.png#.png,boundary,./patches_50_meters/patch-1551-3069-1584-3102-#map_189259358.png#.png,map_189259358.png,"(1551, 3069, 1584, 3102)"
patch-2409-2970-2442-3003-#map_189259358.png#.png,boundary,./patches_50_meters/patch-2409-2970-2442-3003-#map_189259358.png#.png,map_189259358.png,"(2409, 2970, 2442, 3003)"
patch-2838-33-2871-66-#map_189259358.png#.png,boundary,./patches_50_meters/patch-2838-33-2871-66-#map_189259358.png#.png,map_189259358.png,"(2838, 33, 2871, 66)"
patch-3168-3366-3201-3399-#map_189259358.png#.png,no_boundary,./patches_50_meters/patch-3168-3366-3201-3399-#map_189259358.png#.png,map_189259358.png,"(3168, 3366, 3201, 3399)"
patch-3366-2970-3399-3003-#map_189259358.png#.png,boundary,./patches_50_meters/patch-3366-2970-3399-3003-#map_189259358.png#.png,map_189259358.png,"(3366, 2970, 3399, 3003)"
patch-297-1353-330-1386-#map_189259364.png#.png,boundary,./patches_50_meters/patch-297-1353-330-1386-#map_189259364.png#.png,map_189259364.png,"(297, 1353, 330, 1386)"
patch-792-1914-825-1947-#map_189259364.png#.png,boundary,./patches_50_meters/patch-792-1914-825-1947-#map_189259364.png#.png,map_189259364.png,"(792, 1914, 825, 1947)"
patch-891-2739-924-2772-#map_189259364.png#.png,no_boundary,./patches_50_meters/patch-891-2739-924-2772-#map_189259364.png#.png,map_189259364.png,"(891, 2739, 924, 2772)"
patch-1551-1320-1584-1353-#map_189259364.png#.png,no_boundary,./patches_50_meters/patch-1551-1320-1584-1353-#map_189259364.png#.png,map_189259364.png,"(1551, 1320, 1584, 1353)"
patch-1551-1782-1584-1815-#map_189259364.png#.png,boundary,./patches_50_meters/patch-1551-1782-1584-1815-#map_189259364.png#.png,map_189259364.png,"(1551, 1782, 1584, 1815)"
patch-1584-3234-1617-3267-#map_189259364.png#.png,boundary,./patches_50_meters/patch-1584-3234-1617-3267-#map_189259364.png#.png,map_189259364.png,"(1584, 3234, 1617, 3267)"
patch-3333-693-3366-726-#map_189259364.png#.png,boundary,./patches_50_meters/patch-3333-693-3366-726-#map_189259364.png#.png,map_189259364.png,"(3333, 693, 3366, 726)"
patch-0-1848-33-1881-#map_189259370.png#.png,no_boundary,./patches_50_meters/patch-0-1848-33-1881-#map_189259370.png#.png,map_189259370.png,"(0, 1848, 33, 1881)"
patch-198-2277-231-2310-#map_189259370.png#.png,boundary,./patches_50_meters/patch-198-2277-231-2310-#map_189259370.png#.png,map_189259370.png,"(198, 2277, 231, 2310)"
patch-231-2211-264-2244-#map_189259370.png#.png,boundary,./patches_50_meters/patch-231-2211-264-2244-#map_189259370.png#.png,map_189259370.png,"(231, 2211, 264, 2244)"
patch-363-264-396-297-#map_189259370.png#.png,boundary,./patches_50_meters/patch-363-264-396-297-#map_189259370.png#.png,map_189259370.png,"(363, 264, 396, 297)"
patch-726-924-759-957-#map_189259370.png#.png,boundary,./patches_50_meters/patch-726-924-759-957-#map_189259370.png#.png,map_189259370.png,"(726, 924, 759, 957)"
patch-1122-957-1155-990-#map_189259370.png#.png,no_boundary,./patches_50_meters/patch-1122-957-1155-990-#map_189259370.png#.png,map_189259370.png,"(1122, 957, 1155, 990)"
patch-1155-1353-1188-1386-#map_189259370.png#.png,no_boundary,./patches_50_meters/patch-1155-1353-1188-1386-#map_189259370.png#.png,map_189259370.png,"(1155, 1353, 1188, 1386)"
patch-1254-2970-1287-3003-#map_189259370.png#.png,boundary,./patches_50_meters/patch-1254-2970-1287-3003-#map_189259370.png#.png,map_189259370.png,"(1254, 2970, 1287, 3003)"
patch-1782-2013-1815-2046-#map_189259370.png#.png,no_boundary,./patches_50_meters/patch-1782-2013-1815-2046-#map_189259370.png#.png,map_189259370.png,"(1782, 2013, 1815, 2046)"
patch-2310-3201-2343-3234-#map_189259370.png#.png,boundary,./patches_50_meters/patch-2310-3201-2343-3234-#map_189259370.png#.png,map_189259370.png,"(2310, 3201, 2343, 3234)"
patch-2475-3564-2508-3584-#map_189259370.png#.png,no_boundary,./patches_50_meters/patch-2475-3564-2508-3584-#map_189259370.png#.png,map_189259370.png,"(2475, 3564, 2508, 3584)"
patch-2838-726-2871-759-#map_189259370.png#.png,boundary,./patches_50_meters/patch-2838-726-2871-759-#map_189259370.png#.png,map_189259370.png,"(2838, 726, 2871, 759)"
patch-2970-66-3003-99-#map_189259370.png#.png,boundary,./patches_50_meters/patch-2970-66-3003-99-#map_189259370.png#.png,map_189259370.png,"(2970, 66, 3003, 99)"
patch-429-330-462-363-#map_189259376.png#.png,boundary,./patches_50_meters/patch-429-330-462-363-#map_189259376.png#.png,map_189259376.png,"(429, 330, 462, 363)"
patch-528-2904-561-2937-#map_189259376.png#.png,no_boundary,./patches_50_meters/patch-528-2904-561-2937-#map_189259376.png#.png,map_189259376.png,"(528, 2904, 561, 2937)"
patch-1089-396-1122-429-#map_189259376.png#.png,no_boundary,./patches_50_meters/patch-1089-396-1122-429-#map_189259376.png#.png,map_189259376.png,"(1089, 396, 1122, 429)"
patch-2310-1584-2343-1617-#map_189259376.png#.png,boundary,./patches_50_meters/patch-2310-1584-2343-1617-#map_189259376.png#.png,map_189259376.png,"(2310, 1584, 2343, 1617)"
patch-2607-363-2640-396-#map_189259376.png#.png,boundary,./patches_50_meters/patch-2607-363-2640-396-#map_189259376.png#.png,map_189259376.png,"(2607, 363, 2640, 396)"
patch-3201-3531-3234-3564-#map_189259376.png#.png,no_boundary,./patches_50_meters/patch-3201-3531-3234-3564-#map_189259376.png#.png,map_189259376.png,"(3201, 3531, 3234, 3564)"
patch-3366-957-3399-990-#map_189259376.png#.png,no_boundary,./patches_50_meters/patch-3366-957-3399-990-#map_189259376.png#.png,map_189259376.png,"(3366, 957, 3399, 990)"
patch-3399-1914-3432-1947-#map_189259376.png#.png,boundary,./patches_50_meters/patch-3399-1914-3432-1947-#map_189259376.png#.png,map_189259376.png,"(3399, 1914, 3432, 1947)"
patch-231-2409-264-2442-#map_189259781.png#.png,no_boundary,./patches_50_meters/patch-231-2409-264-2442-#map_189259781.png#.png,map_189259781.png,"(231, 2409, 264, 2442)"
patch-330-660-363-693-#map_189259781.png#.png,boundary,./patches_50_meters/patch-330-660-363-693-#map_189259781.png#.png,map_189259781.png,"(330, 660, 363, 693)"
patch-726-2805-759-2838-#map_189259781.png#.png,no_boundary,./patches_50_meters/patch-726-2805-759-2838-#map_189259781.png#.png,map_189259781.png,"(726, 2805, 759, 2838)"
patch-1221-363-1254-396-#map_189259781.png#.png,no_boundary,./patches_50_meters/patch-1221-363-1254-396-#map_189259781.png#.png,map_189259781.png,"(1221, 363, 1254, 396)"
patch-1551-2013-1584-2046-#map_189259781.png#.png,no_boundary,./patches_50_meters/patch-1551-2013-1584-2046-#map_189259781.png#.png,map_189259781.png,"(1551, 2013, 1584, 2046)"
patch-2013-2145-2046-2178-#map_189259781.png#.png,boundary,./patches_50_meters/patch-2013-2145-2046-2178-#map_189259781.png#.png,map_189259781.png,"(2013, 2145, 2046, 2178)"
patch-2409-1947-2442-1980-#map_189259781.png#.png,no_boundary,./patches_50_meters/patch-2409-1947-2442-1980-#map_189259781.png#.png,map_189259781.png,"(2409, 1947, 2442, 1980)"
patch-3135-264-3168-297-#map_189259781.png#.png,boundary,./patches_50_meters/patch-3135-264-3168-297-#map_189259781.png#.png,map_189259781.png,"(3135, 264, 3168, 297)"
patch-3267-594-3300-627-#map_189259781.png#.png,no_boundary,./patches_50_meters/patch-3267-594-3300-627-#map_189259781.png#.png,map_189259781.png,"(3267, 594, 3300, 627)"
patch-1617-33-1650-66-#map_189259790.png#.png,no_boundary,./patches_50_meters/patch-1617-33-1650-66-#map_189259790.png#.png,map_189259790.png,"(1617, 33, 1650, 66)"
patch-2277-1650-2310-1683-#map_189259790.png#.png,boundary,./patches_50_meters/patch-2277-1650-2310-1683-#map_189259790.png#.png,map_189259790.png,"(2277, 1650, 2310, 1683)"
patch-66-1815-99-1848-#map_189259802.png#.png,no_boundary,./patches_50_meters/patch-66-1815-99-1848-#map_189259802.png#.png,map_189259802.png,"(66, 1815, 99, 1848)"
patch-165-3465-198-3498-#map_189259802.png#.png,no_boundary,./patches_50_meters/patch-165-3465-198-3498-#map_189259802.png#.png,map_189259802.png,"(165, 3465, 198, 3498)"
patch-528-66-561-99-#map_189259802.png#.png,boundary,./patches_50_meters/patch-528-66-561-99-#map_189259802.png#.png,map_189259802.png,"(528, 66, 561, 99)"
patch-561-66-594-99-#map_189259802.png#.png,no_boundary,./patches_50_meters/patch-561-66-594-99-#map_189259802.png#.png,map_189259802.png,"(561, 66, 594, 99)"
patch-561-3333-594-3366-#map_189259802.png#.png,no_boundary,./patches_50_meters/patch-561-3333-594-3366-#map_189259802.png#.png,map_189259802.png,"(561, 3333, 594, 3366)"
patch-627-2310-660-2343-#map_189259802.png#.png,no_boundary,./patches_50_meters/patch-627-2310-660-2343-#map_189259802.png#.png,map_189259802.png,"(627, 2310, 660, 2343)"
patch-660-3729-693-3762-#map_189259802.png#.png,no_boundary,./patches_50_meters/patch-660-3729-693-3762-#map_189259802.png#.png,map_189259802.png,"(660, 3729, 693, 3762)"
patch-759-3069-792-3102-#map_189259802.png#.png,no_boundary,./patches_50_meters/patch-759-3069-792-3102-#map_189259802.png#.png,map_189259802.png,"(759, 3069, 792, 3102)"
patch-924-2112-957-2145-#map_189259802.png#.png,boundary,./patches_50_meters/patch-924-2112-957-2145-#map_189259802.png#.png,map_189259802.png,"(924, 2112, 957, 2145)"
patch-1155-1155-1188-1188-#map_189259802.png#.png,boundary,./patches_50_meters/patch-1155-1155-1188-1188-#map_189259802.png#.png,map_189259802.png,"(1155, 1155, 1188, 1188)"
patch-1254-990-1287-1023-#map_189259802.png#.png,boundary,./patches_50_meters/patch-1254-990-1287-1023-#map_189259802.png#.png,map_189259802.png,"(1254, 990, 1287, 1023)"
patch-1914-3168-1947-3201-#map_189259802.png#.png,no_boundary,./patches_50_meters/patch-1914-3168-1947-3201-#map_189259802.png#.png,map_189259802.png,"(1914, 3168, 1947, 3201)"
patch-2310-3102-2343-3135-#map_189259802.png#.png,no_boundary,./patches_50_meters/patch-2310-3102-2343-3135-#map_189259802.png#.png,map_189259802.png,"(2310, 3102, 2343, 3135)"
patch-2409-2310-2442-2343-#map_189259802.png#.png,boundary,./patches_50_meters/patch-2409-2310-2442-2343-#map_189259802.png#.png,map_189259802.png,"(2409, 2310, 2442, 2343)"
patch-2706-1683-2739-1716-#map_189259802.png#.png,no_boundary,./patches_50_meters/patch-2706-1683-2739-1716-#map_189259802.png#.png,map_189259802.png,"(2706, 1683, 2739, 1716)"
patch-3267-2442-3300-2475-#map_189259802.png#.png,no_boundary,./patches_50_meters/patch-3267-2442-3300-2475-#map_189259802.png#.png,map_189259802.png,"(3267, 2442, 3300, 2475)"
patch-3564-759-3584-792-#map_189259802.png#.png,no_boundary,./patches_50_meters/patch-3564-759-3584-792-#map_189259802.png#.png,map_189259802.png,"(3564, 759, 3584, 792)"
patch-462-957-495-990-#map_189259811.png#.png,no_boundary,./patches_50_meters/patch-462-957-495-990-#map_189259811.png#.png,map_189259811.png,"(462, 957, 495, 990)"
patch-726-165-759-198-#map_189259811.png#.png,boundary,./patches_50_meters/patch-726-165-759-198-#map_189259811.png#.png,map_189259811.png,"(726, 165, 759, 198)"
patch-825-2310-858-2343-#map_189259811.png#.png,no_boundary,./patches_50_meters/patch-825-2310-858-2343-#map_189259811.png#.png,map_189259811.png,"(825, 2310, 858, 2343)"
patch-990-330-1023-363-#map_189259811.png#.png,no_boundary,./patches_50_meters/patch-990-330-1023-363-#map_189259811.png#.png,map_189259811.png,"(990, 330, 1023, 363)"
patch-1287-0-1320-33-#map_189259811.png#.png,boundary,./patches_50_meters/patch-1287-0-1320-33-#map_189259811.png#.png,map_189259811.png,"(1287, 0, 1320, 33)"
patch-1485-99-1518-132-#map_189259811.png#.png,no_boundary,./patches_50_meters/patch-1485-99-1518-132-#map_189259811.png#.png,map_189259811.png,"(1485, 99, 1518, 132)"
patch-1749-2409-1782-2442-#map_189259811.png#.png,no_boundary,./patches_50_meters/patch-1749-2409-1782-2442-#map_189259811.png#.png,map_189259811.png,"(1749, 2409, 1782, 2442)"
patch-2310-1683-2343-1716-#map_189259811.png#.png,no_boundary,./patches_50_meters/patch-2310-1683-2343-1716-#map_189259811.png#.png,map_189259811.png,"(2310, 1683, 2343, 1716)"
patch-2508-2739-2541-2772-#map_189259811.png#.png,boundary,./patches_50_meters/patch-2508-2739-2541-2772-#map_189259811.png#.png,map_189259811.png,"(2508, 2739, 2541, 2772)"
patch-2673-2904-2706-2937-#map_189259811.png#.png,boundary,./patches_50_meters/patch-2673-2904-2706-2937-#map_189259811.png#.png,map_189259811.png,"(2673, 2904, 2706, 2937)"
patch-2838-1023-2871-1056-#map_189259811.png#.png,no_boundary,./patches_50_meters/patch-2838-1023-2871-1056-#map_189259811.png#.png,map_189259811.png,"(2838, 1023, 2871, 1056)"
patch-3333-759-3366-792-#map_189259811.png#.png,boundary,./patches_50_meters/patch-3333-759-3366-792-#map_189259811.png#.png,map_189259811.png,"(3333, 759, 3366, 792)"
patch-330-693-363-726-#map_189259838.png#.png,boundary,./patches_50_meters/patch-330-693-363-726-#map_189259838.png#.png,map_189259838.png,"(330, 693, 363, 726)"
patch-759-1188-792-1221-#map_189259838.png#.png,boundary,./patches_50_meters/patch-759-1188-792-1221-#map_189259838.png#.png,map_189259838.png,"(759, 1188, 792, 1221)"
patch-924-33-957-66-#map_189259838.png#.png,boundary,./patches_50_meters/patch-924-33-957-66-#map_189259838.png#.png,map_189259838.png,"(924, 33, 957, 66)"
patch-924-1353-957-1386-#map_189259838.png#.png,boundary,./patches_50_meters/patch-924-1353-957-1386-#map_189259838.png#.png,map_189259838.png,"(924, 1353, 957, 1386)"
patch-924-2970-957-3003-#map_189259838.png#.png,boundary,./patches_50_meters/patch-924-2970-957-3003-#map_189259838.png#.png,map_189259838.png,"(924, 2970, 957, 3003)"
patch-924-3003-957-3036-#map_189259838.png#.png,no_boundary,./patches_50_meters/patch-924-3003-957-3036-#map_189259838.png#.png,map_189259838.png,"(924, 3003, 957, 3036)"
patch-957-1683-990-1716-#map_189259838.png#.png,boundary,./patches_50_meters/patch-957-1683-990-1716-#map_189259838.png#.png,map_189259838.png,"(957, 1683, 990, 1716)"
patch-1551-2310-1584-2343-#map_189259838.png#.png,no_boundary,./patches_50_meters/patch-1551-2310-1584-2343-#map_189259838.png#.png,map_189259838.png,"(1551, 2310, 1584, 2343)"
patch-1947-891-1980-924-#map_189259838.png#.png,boundary,./patches_50_meters/patch-1947-891-1980-924-#map_189259838.png#.png,map_189259838.png,"(1947, 891, 1980, 924)"
patch-2376-3597-2409-3630-#map_189259838.png#.png,no_boundary,./patches_50_meters/patch-2376-3597-2409-3630-#map_189259838.png#.png,map_189259838.png,"(2376, 3597, 2409, 3630)"
patch-2772-132-2805-165-#map_189259838.png#.png,no_boundary,./patches_50_meters/patch-2772-132-2805-165-#map_189259838.png#.png,map_189259838.png,"(2772, 132, 2805, 165)"
patch-3696-858-3729-891-#map_189259838.png#.png,boundary,./patches_50_meters/patch-3696-858-3729-891-#map_189259838.png#.png,map_189259838.png,"(3696, 858, 3729, 891)"
patch-99-3465-132-3498-#map_189259847.png#.png,boundary,./patches_50_meters/patch-99-3465-132-3498-#map_189259847.png#.png,map_189259847.png,"(99, 3465, 132, 3498)"
patch-330-462-363-495-#map_189259847.png#.png,boundary,./patches_50_meters/patch-330-462-363-495-#map_189259847.png#.png,map_189259847.png,"(330, 462, 363, 495)"
patch-726-66-759-99-#map_189259847.png#.png,no_boundary,./patches_50_meters/patch-726-66-759-99-#map_189259847.png#.png,map_189259847.png,"(726, 66, 759, 99)"
patch-726-2211-759-2244-#map_189259847.png#.png,no_boundary,./patches_50_meters/patch-726-2211-759-2244-#map_189259847.png#.png,map_189259847.png,"(726, 2211, 759, 2244)"
patch-825-1947-858-1980-#map_189259847.png#.png,boundary,./patches_50_meters/patch-825-1947-858-1980-#map_189259847.png#.png,map_189259847.png,"(825, 1947, 858, 1980)"
patch-1122-2706-1155-2739-#map_189259847.png#.png,boundary,./patches_50_meters/patch-1122-2706-1155-2739-#map_189259847.png#.png,map_189259847.png,"(1122, 2706, 1155, 2739)"
patch-1518-924-1551-957-#map_189259847.png#.png,no_boundary,./patches_50_meters/patch-1518-924-1551-957-#map_189259847.png#.png,map_189259847.png,"(1518, 924, 1551, 957)"
patch-1617-759-1650-792-#map_189259847.png#.png,no_boundary,./patches_50_meters/patch-1617-759-1650-792-#map_189259847.png#.png,map_189259847.png,"(1617, 759, 1650, 792)"
patch-2145-2574-2178-2607-#map_189259847.png#.png,no_boundary,./patches_50_meters/patch-2145-2574-2178-2607-#map_189259847.png#.png,map_189259847.png,"(2145, 2574, 2178, 2607)"
patch-3102-2046-3135-2079-#map_189259847.png#.png,no_boundary,./patches_50_meters/patch-3102-2046-3135-2079-#map_189259847.png#.png,map_189259847.png,"(3102, 2046, 3135, 2079)"
patch-99-1188-132-1221-#map_189260192.png#.png,boundary,./patches_50_meters/patch-99-1188-132-1221-#map_189260192.png#.png,map_189260192.png,"(99, 1188, 132, 1221)"
patch-198-1089-231-1122-#map_189260192.png#.png,boundary,./patches_50_meters/patch-198-1089-231-1122-#map_189260192.png#.png,map_189260192.png,"(198, 1089, 231, 1122)"
patch-429-660-462-693-#map_189260192.png#.png,no_boundary,./patches_50_meters/patch-429-660-462-693-#map_189260192.png#.png,map_189260192.png,"(429, 660, 462, 693)"
patch-660-1650-693-1683-#map_189260192.png#.png,no_boundary,./patches_50_meters/patch-660-1650-693-1683-#map_189260192.png#.png,map_189260192.png,"(660, 1650, 693, 1683)"
patch-924-3465-957-3498-#map_189260192.png#.png,boundary,./patches_50_meters/patch-924-3465-957-3498-#map_189260192.png#.png,map_189260192.png,"(924, 3465, 957, 3498)"
patch-990-1584-1023-1617-#map_189260192.png#.png,boundary,./patches_50_meters/patch-990-1584-1023-1617-#map_189260192.png#.png,map_189260192.png,"(990, 1584, 1023, 1617)"
patch-1023-1617-1056-1650-#map_189260192.png#.png,boundary,./patches_50_meters/patch-1023-1617-1056-1650-#map_189260192.png#.png,map_189260192.png,"(1023, 1617, 1056, 1650)"
patch-1551-2871-1584-2904-#map_189260192.png#.png,no_boundary,./patches_50_meters/patch-1551-2871-1584-2904-#map_189260192.png#.png,map_189260192.png,"(1551, 2871, 1584, 2904)"
patch-1584-264-1617-297-#map_189260192.png#.png,boundary,./patches_50_meters/patch-1584-264-1617-297-#map_189260192.png#.png,map_189260192.png,"(1584, 264, 1617, 297)"
patch-2046-363-2079-396-#map_189260192.png#.png,boundary,./patches_50_meters/patch-2046-363-2079-396-#map_189260192.png#.png,map_189260192.png,"(2046, 363, 2079, 396)"
patch-2145-2574-2178-2607-#map_189260192.png#.png,boundary,./patches_50_meters/patch-2145-2574-2178-2607-#map_189260192.png#.png,map_189260192.png,"(2145, 2574, 2178, 2607)"
patch-2178-2211-2211-2244-#map_189260192.png#.png,no_boundary,./patches_50_meters/patch-2178-2211-2211-2244-#map_189260192.png#.png,map_189260192.png,"(2178, 2211, 2211, 2244)"
patch-2376-3498-2409-3531-#map_189260192.png#.png,boundary,./patches_50_meters/patch-2376-3498-2409-3531-#map_189260192.png#.png,map_189260192.png,"(2376, 3498, 2409, 3531)"
patch-2475-495-2508-528-#map_189260192.png#.png,boundary,./patches_50_meters/patch-2475-495-2508-528-#map_189260192.png#.png,map_189260192.png,"(2475, 495, 2508, 528)"
patch-3399-2376-3432-2409-#map_189260192.png#.png,no_boundary,./patches_50_meters/patch-3399-2376-3432-2409-#map_189260192.png#.png,map_189260192.png,"(3399, 2376, 3432, 2409)"
patch-3498-99-3531-132-#map_189260192.png#.png,boundary,./patches_50_meters/patch-3498-99-3531-132-#map_189260192.png#.png,map_189260192.png,"(3498, 99, 3531, 132)"
patch-627-2442-660-2475-#map_189260207.png#.png,no_boundary,./patches_50_meters/patch-627-2442-660-2475-#map_189260207.png#.png,map_189260207.png,"(627, 2442, 660, 2475)"
patch-1980-2541-2013-2574-#map_189260207.png#.png,no_boundary,./patches_50_meters/patch-1980-2541-2013-2574-#map_189260207.png#.png,map_189260207.png,"(1980, 2541, 2013, 2574)"
patch-2310-1188-2343-1221-#map_189260207.png#.png,no_boundary,./patches_50_meters/patch-2310-1188-2343-1221-#map_189260207.png#.png,map_189260207.png,"(2310, 1188, 2343, 1221)"
patch-2607-1749-2640-1782-#map_189260207.png#.png,no_boundary,./patches_50_meters/patch-2607-1749-2640-1782-#map_189260207.png#.png,map_189260207.png,"(2607, 1749, 2640, 1782)"
patch-2640-858-2673-891-#map_189260207.png#.png,boundary,./patches_50_meters/patch-2640-858-2673-891-#map_189260207.png#.png,map_189260207.png,"(2640, 858, 2673, 891)"
patch-2937-627-2970-660-#map_189260207.png#.png,no_boundary,./patches_50_meters/patch-2937-627-2970-660-#map_189260207.png#.png,map_189260207.png,"(2937, 627, 2970, 660)"
patch-825-3333-858-3366-#map_189260213.png#.png,no_boundary,./patches_50_meters/patch-825-3333-858-3366-#map_189260213.png#.png,map_189260213.png,"(825, 3333, 858, 3366)"
patch-1782-2706-1815-2739-#map_189260213.png#.png,no_boundary,./patches_50_meters/patch-1782-2706-1815-2739-#map_189260213.png#.png,map_189260213.png,"(1782, 2706, 1815, 2739)"
patch-1848-1749-1881-1782-#map_189260213.png#.png,no_boundary,./patches_50_meters/patch-1848-1749-1881-1782-#map_189260213.png#.png,map_189260213.png,"(1848, 1749, 1881, 1782)"
patch-2343-1353-2376-1386-#map_189260213.png#.png,no_boundary,./patches_50_meters/patch-2343-1353-2376-1386-#map_189260213.png#.png,map_189260213.png,"(2343, 1353, 2376, 1386)"
patch-2574-1551-2607-1584-#map_189260213.png#.png,boundary,./patches_50_meters/patch-2574-1551-2607-1584-#map_189260213.png#.png,map_189260213.png,"(2574, 1551, 2607, 1584)"
patch-3300-1914-3333-1947-#map_189260213.png#.png,boundary,./patches_50_meters/patch-3300-1914-3333-1947-#map_189260213.png#.png,map_189260213.png,"(3300, 1914, 3333, 1947)"
patch-3828-2541-3840-2574-#map_189260213.png#.png,no_boundary,./patches_50_meters/patch-3828-2541-3840-2574-#map_189260213.png#.png,map_189260213.png,"(3828, 2541, 3840, 2574)"
patch-33-3333-66-3366-#map_189262559.png#.png,no_boundary,./patches_50_meters/patch-33-3333-66-3366-#map_189262559.png#.png,map_189262559.png,"(33, 3333, 66, 3366)"
patch-33-3498-66-3531-#map_189262559.png#.png,no_boundary,./patches_50_meters/patch-33-3498-66-3531-#map_189262559.png#.png,map_189262559.png,"(33, 3498, 66, 3531)"
patch-1749-132-1782-165-#map_189262559.png#.png,no_boundary,./patches_50_meters/patch-1749-132-1782-165-#map_189262559.png#.png,map_189262559.png,"(1749, 132, 1782, 165)"
patch-2145-2904-2178-2937-#map_189262559.png#.png,no_boundary,./patches_50_meters/patch-2145-2904-2178-2937-#map_189262559.png#.png,map_189262559.png,"(2145, 2904, 2178, 2937)"
patch-2376-264-2409-297-#map_189262559.png#.png,no_boundary,./patches_50_meters/patch-2376-264-2409-297-#map_189262559.png#.png,map_189262559.png,"(2376, 264, 2409, 297)"
patch-2475-1980-2508-2013-#map_189262559.png#.png,no_boundary,./patches_50_meters/patch-2475-1980-2508-2013-#map_189262559.png#.png,map_189262559.png,"(2475, 1980, 2508, 2013)"
patch-2838-2079-2871-2112-#map_189262559.png#.png,no_boundary,./patches_50_meters/patch-2838-2079-2871-2112-#map_189262559.png#.png,map_189262559.png,"(2838, 2079, 2871, 2112)"
patch-1089-2904-1122-2937-#map_189262574.png#.png,no_boundary,./patches_50_meters/patch-1089-2904-1122-2937-#map_189262574.png#.png,map_189262574.png,"(1089, 2904, 1122, 2937)"
patch-1815-3465-1848-3498-#map_189262574.png#.png,no_boundary,./patches_50_meters/patch-1815-3465-1848-3498-#map_189262574.png#.png,map_189262574.png,"(1815, 3465, 1848, 3498)"
patch-1881-1815-1914-1848-#map_189262574.png#.png,no_boundary,./patches_50_meters/patch-1881-1815-1914-1848-#map_189262574.png#.png,map_189262574.png,"(1881, 1815, 1914, 1848)"
patch-2013-1518-2046-1551-#map_189262574.png#.png,no_boundary,./patches_50_meters/patch-2013-1518-2046-1551-#map_189262574.png#.png,map_189262574.png,"(2013, 1518, 2046, 1551)"
patch-2112-2838-2145-2871-#map_189262574.png#.png,no_boundary,./patches_50_meters/patch-2112-2838-2145-2871-#map_189262574.png#.png,map_189262574.png,"(2112, 2838, 2145, 2871)"
patch-2244-1188-2277-1221-#map_189262574.png#.png,no_boundary,./patches_50_meters/patch-2244-1188-2277-1221-#map_189262574.png#.png,map_189262574.png,"(2244, 1188, 2277, 1221)"
patch-2871-3234-2904-3267-#map_189262574.png#.png,no_boundary,./patches_50_meters/patch-2871-3234-2904-3267-#map_189262574.png#.png,map_189262574.png,"(2871, 3234, 2904, 3267)"
patch-3135-2079-3168-2112-#map_189262574.png#.png,no_boundary,./patches_50_meters/patch-3135-2079-3168-2112-#map_189262574.png#.png,map_189262574.png,"(3135, 2079, 3168, 2112)"
patch-3234-198-3267-231-#map_189262574.png#.png,no_boundary,./patches_50_meters/patch-3234-198-3267-231-#map_189262574.png#.png,map_189262574.png,"(3234, 198, 3267, 231)"
patch-3333-2244-3366-2277-#map_189262574.png#.png,no_boundary,./patches_50_meters/patch-3333-2244-3366-2277-#map_189262574.png#.png,map_189262574.png,"(3333, 2244, 3366, 2277)"
patch-3399-759-3432-792-#map_189262574.png#.png,no_boundary,./patches_50_meters/patch-3399-759-3432-792-#map_189262574.png#.png,map_189262574.png,"(3399, 759, 3432, 792)"
patch-3432-2310-3465-2343-#map_189262574.png#.png,no_boundary,./patches_50_meters/patch-3432-2310-3465-2343-#map_189262574.png#.png,map_189262574.png,"(3432, 2310, 3465, 2343)"
patch-99-1716-132-1749-#map_189262583.png#.png,no_boundary,./patches_50_meters/patch-99-1716-132-1749-#map_189262583.png#.png,map_189262583.png,"(99, 1716, 132, 1749)"
patch-990-2772-1023-2805-#map_189262583.png#.png,no_boundary,./patches_50_meters/patch-990-2772-1023-2805-#map_189262583.png#.png,map_189262583.png,"(990, 2772, 1023, 2805)"
patch-1320-3597-1353-3630-#map_189262583.png#.png,no_boundary,./patches_50_meters/patch-1320-3597-1353-3630-#map_189262583.png#.png,map_189262583.png,"(1320, 3597, 1353, 3630)"
patch-1881-1419-1914-1452-#map_189262583.png#.png,no_boundary,./patches_50_meters/patch-1881-1419-1914-1452-#map_189262583.png#.png,map_189262583.png,"(1881, 1419, 1914, 1452)"
patch-198-2079-231-2112-#map_189262589.png#.png,no_boundary,./patches_50_meters/patch-198-2079-231-2112-#map_189262589.png#.png,map_189262589.png,"(198, 2079, 231, 2112)"
patch-297-891-330-924-#map_189262589.png#.png,boundary,./patches_50_meters/patch-297-891-330-924-#map_189262589.png#.png,map_189262589.png,"(297, 891, 330, 924)"
patch-297-1485-330-1518-#map_189262589.png#.png,no_boundary,./patches_50_meters/patch-297-1485-330-1518-#map_189262589.png#.png,map_189262589.png,"(297, 1485, 330, 1518)"
patch-330-330-363-363-#map_189262589.png#.png,boundary,./patches_50_meters/patch-330-330-363-363-#map_189262589.png#.png,map_189262589.png,"(330, 330, 363, 363)"
patch-660-2409-693-2442-#map_189262589.png#.png,no_boundary,./patches_50_meters/patch-660-2409-693-2442-#map_189262589.png#.png,map_189262589.png,"(660, 2409, 693, 2442)"
patch-891-2343-924-2376-#map_189262589.png#.png,no_boundary,./patches_50_meters/patch-891-2343-924-2376-#map_189262589.png#.png,map_189262589.png,"(891, 2343, 924, 2376)"
patch-924-1089-957-1122-#map_189262589.png#.png,no_boundary,./patches_50_meters/patch-924-1089-957-1122-#map_189262589.png#.png,map_189262589.png,"(924, 1089, 957, 1122)"
patch-1056-0-1089-33-#map_189262589.png#.png,no_boundary,./patches_50_meters/patch-1056-0-1089-33-#map_189262589.png#.png,map_189262589.png,"(1056, 0, 1089, 33)"
patch-1155-660-1188-693-#map_189262589.png#.png,no_boundary,./patches_50_meters/patch-1155-660-1188-693-#map_189262589.png#.png,map_189262589.png,"(1155, 660, 1188, 693)"
patch-1188-1881-1221-1914-#map_189262589.png#.png,no_boundary,./patches_50_meters/patch-1188-1881-1221-1914-#map_189262589.png#.png,map_189262589.png,"(1188, 1881, 1221, 1914)"
patch-1353-1452-1386-1485-#map_189262589.png#.png,no_boundary,./patches_50_meters/patch-1353-1452-1386-1485-#map_189262589.png#.png,map_189262589.png,"(1353, 1452, 1386, 1485)"
patch-1353-3003-1386-3036-#map_189262589.png#.png,no_boundary,./patches_50_meters/patch-1353-3003-1386-3036-#map_189262589.png#.png,map_189262589.png,"(1353, 3003, 1386, 3036)"
patch-2310-2607-2343-2640-#map_189262589.png#.png,no_boundary,./patches_50_meters/patch-2310-2607-2343-2640-#map_189262589.png#.png,map_189262589.png,"(2310, 2607, 2343, 2640)"
patch-2574-1716-2607-1749-#map_189262589.png#.png,no_boundary,./patches_50_meters/patch-2574-1716-2607-1749-#map_189262589.png#.png,map_189262589.png,"(2574, 1716, 2607, 1749)"
patch-2772-627-2805-660-#map_189262589.png#.png,no_boundary,./patches_50_meters/patch-2772-627-2805-660-#map_189262589.png#.png,map_189262589.png,"(2772, 627, 2805, 660)"
